v1,v2
spam,You have won $1000! Claim your prize now.
safe,Are we still meeting at 5 PM?
spam,Get cheap loans now! Limited time offer.
safe,Don't forget to bring the documents.
spam,Win a free vacation to the Bahamas! Click here.
safe,Can you send me the report by tomorrow?
spam,Your account has been compromised. Click here to secure it.
safe,Let's catch up for lunch this weekend.
spam,Congratulations! You've been selected for a free gift card.
safe,Please review the attached file and let me know your thoughts.
spam,Act now to claim your exclusive discount on our products.
safe,I'll call you later to discuss the details.
spam,This is your last chance to win a free iPhone. Click now!
safe,The meeting has been rescheduled to 3 PM tomorrow.
spam,You are pre-approved for a $5000 loan. Apply today!
safe,Can you confirm your availability for the meeting?
spam,Exclusive offer! Buy one get one free. Limited time only.
safe,Thanks for your help with the project.
spam,Your subscription is about to expire. Renew now to avoid interruption.
safe,I'll send you the updated document shortly.
spam,Claim your free trial for our premium service today.
safe,Let me know if you have any questions about the proposal.
spam,You have been selected for a free membership. Click here to activate.
safe,Please find the attached invoice for your reference.
spam,Win big prizes by entering our sweepstakes. Don't miss out!
safe,I'll be out of the office tomorrow but reachable via email.
spam,Your credit score has increased. Check your new score now.
safe,Can we reschedule our call to next week?
spam,Get a free consultation with our experts. Sign up today.
safe,Looking forward to our meeting next week.
spam,Your package is delayed. Click here to track it.
safe,Thanks for the quick response. I appreciate it.
spam,You are eligible for a special discount. Claim it now.
safe,I'll review the document and get back to you.
spam,Your account is at risk. Verify your details immediately.
safe,Can you share the presentation slides with me?
spam,Get unlimited access to our premium features. Subscribe now.
safe,I'll let you know once I have more information.
spam,Your payment was declined. Update your payment method now.
safe,Thanks for the update. I'll follow up with the team.
spam,Win a free gift card by completing this short survey.
safe,Please let me know if you need any additional details.
spam,Your device is infected. Click here to remove the virus.
safe,I'll be traveling next week but available via email.
spam,Your loan application has been approved. Apply now.
safe,Can you send me the meeting agenda?
spam,Act now to secure your spot in our exclusive program.
safe,Thanks for your feedback on the draft.
spam,Your account has been locked. Reset your password now.
safe,I'll check with the team and get back to you.
spam,Get free shipping on your next order. Shop now.
safe,Looking forward to hearing from you soon.
spam,Your warranty is about to expire. Renew it today.
safe,Please let me know your availability for the call.
spam,You have been selected for a free trial. Activate it now.
safe,Thanks for your patience while we resolve the issue.
spam,Your account has unusual activity. Verify it now.
safe,I'll send you the final version by the end of the day.
spam,Win a free vacation by entering our contest. Click here.
safe,Can you provide an update on the project status?
spam,Your invoice is overdue. Pay now to avoid penalties.
safe,Thanks for the reminder. I'll take care of it.
spam,Your email storage is almost full. Upgrade now.
safe,I'll be in touch once I have more details.
spam,Your account has been suspended. Reactivate it now.
safe,Please let me know if you need any assistance.
spam,Your order has been shipped. Track it here.
safe,Thanks for your cooperation on this matter.
spam,Your subscription has been canceled. Renew now to continue.
safe,I'll follow up with you next week.
spam,Your account is eligible for a free upgrade. Claim it now.
safe,Can you confirm receipt of the document?
spam,Your payment is due. Pay now to avoid late fees.
safe,Thanks for your input on the report.
spam,Your account has been flagged for suspicious activity. Verify now.
safe,I'll let you know once the task is completed.
spam,Your account balance is low. Add funds now.
safe,Please let me know if you have any concerns.
spam,Your account has been compromised. Secure it now.
safe,I'll send you the details shortly.
spam,Your account is eligible for a cashback offer. Claim it now.
safe,Thanks for your support on this project.
spam,Your account has been deactivated. Reactivate it now.
safe,I'll reach out to you once I have an update.
spam,Your account is eligible for a free trial. Activate it now.
safe,Looking forward to our discussion tomorrow.
spam,Your account has been locked. Reset your password now.
safe,Please let me know if you need any clarification.
spam,Your account is at risk. Verify your details immediately.
spam,Win a free laptop! Click here to claim now!
safe,Can you review the contract by tomorrow?
spam,Your subscription needs renewal. Act today!
safe,Thanks for joining the team meeting today.
spam,Get a free smartwatch with your purchase. Shop now!
safe,I'll send the revised schedule shortly.
spam,Your account is eligible for a $100 bonus. Claim it!
safe,Please confirm the meeting time for next week.
spam,Exclusive deal! 50% off your next order. Act now!
safe,Let me know if you need help with the setup.
spam,Your payment is pending. Complete it now!
safe,Thanks for your quick feedback on the proposal.
spam,Win a free trip to Hawaii! Enter our contest today.
safe,I'll be available for a call this afternoon.
spam,Your device needs an update. Click here to install.
safe,Can you share the latest project updates?
spam,Get a free trial of our premium plan. Sign up now!
safe,Thanks for your assistance with the report.
spam,Your account is locked. Verify your identity now!
safe,Please let me know if the document is clear.
spam,Claim your $500 gift card today! Limited offer.
safe,I'll follow up after the meeting tomorrow.
spam,Your order is ready to ship. Track it now!
safe,Can you send the budget details by Friday?
spam,Act fast to win a free tablet! Click here.
safe,Thanks for your input during the discussion.
spam,Your account needs attention. Click to resolve.
safe,Please review the updated timeline and confirm.
spam,Get free access to our VIP membership. Join now!
safe,I'll send you the meeting notes later today.
spam,Your payment was rejected. Update it now!
safe,Can you confirm your attendance for the event?
spam,Win big with our daily sweepstakes! Enter now.
safe,Thanks for your help with the presentation.
spam,Your account is at risk. Secure it immediately!
safe,Let me know if you need more information.
spam,Get a free consultation today! Limited spots.
safe,I'll be out of the office but reachable by email.
spam,Your subscription is expiring soon. Renew now!
safe,Please share the final draft when ready.
spam,Claim your free vacation package today! Click here.
safe,Can you provide feedback on the mockup?
spam,Your account has been flagged. Verify now!
safe,Thanks for your prompt response.
spam,Get 20% off your next purchase. Shop today!
safe,I'll check the details and get back to you.
spam,Your device is at risk. Scan it now!
safe,Please let me know your preferred meeting time.
spam,Win a free gift by completing our survey!
safe,Thanks for your collaboration on this task.
spam,Your account is eligible for a discount. Claim it!
safe,I'll send the updated plan by tomorrow.
spam,Act now to save on your subscription! Limited time.
safe,Can you confirm the delivery date?
spam,Your account is suspended. Reactivate it now!
safe,Thanks for your support during the project.
spam,Get a free trial for our service. Sign up today!
safe,Please let me know if you have any questions.
spam,Your payment is overdue. Pay now to continue!
safe,I'll follow up with the team next week.
spam,Win a free cruise! Enter our contest now.
safe,Can you send the revised document?
spam,Your account needs verification. Click here!
safe,Thanks for your feedback on the design.
spam,Get free shipping today! Shop now!
safe,Please confirm your availability for the call.
spam,Your account is eligible for a free upgrade. Act now!
safe,I'll send you the details by the end of the day.
spam,Your subscription is about to lapse. Renew today!
safe,Can you review the agenda before the meeting?
spam,Win a free smart TV! Click to claim!
safe,Thanks for your quick action on this.
spam,Your account is at risk. Verify your details now!
safe,Let me know if you need assistance with the setup.
spam,Get a free membership today! Limited offer.
safe,I'll be available for a discussion tomorrow.
spam,Your payment is pending. Complete it now!
safe,Please share the project timeline with me.
spam,Claim your $200 gift card! Act fast!
safe,Thanks for your help with the review.
spam,Your device needs a security update. Click here!
safe,Can you confirm the meeting location?
spam,Get exclusive access to our premium plan. Join now!
safe,I'll send the final report by tomorrow.
spam,Your account is locked. Reset your password now!
safe,Please let me know if the schedule works.
spam,Win a free vacation package! Enter now.
safe,Thanks for your input on the project.
spam,Your account is eligible for a cashback. Claim it!
safe,I'll follow up after reviewing the document.
spam,Get a free trial of our service. Sign up now!
safe,Can you send the updated slides?
spam,Your payment is due. Pay now to avoid fees!
safe,Thanks for your cooperation on this issue.
spam,Your account is at risk. Secure it now!
safe,Please let me know if you need more details.
spam,Win a free gift card! Complete our survey.
safe,I'll be reachable via email tomorrow.
spam,Your subscription needs renewal. Act now!
safe,Can you confirm receipt of the file?
spam,Get 30% off your next order. Shop today!
safe,Thanks for your feedback on the plan.
spam,Your account is suspended. Verify now!
safe,I'll send you the meeting details shortly.
spam,Claim your free consultation! Limited spots.
safe,Please review the contract and let me know.
spam,Your device is infected. Scan it now!
safe,Can you share the latest updates?
spam,Win a free tablet! Click here to claim!
safe,Thanks for your quick response today.
spam,Your account needs attention. Click to resolve.
safe,I'll follow up with you next week.
spam,Get free access to our VIP membership. Join now!
safe,Please let me know if you need clarification.
spam,Your payment was rejected. Update it now!
safe,Can you confirm your attendance?
spam,Win big with our sweepstakes! Enter now.
safe,Thanks for your help with the draft.
spam,Your account is at risk. Secure it immediately!
safe,Let me know if you need more information.
spam,Get a free consultation today! Sign up now!
safe,I'll be out of the office but available via email.
spam,Your subscription is expiring. Renew now!
safe,Please share the final draft when ready.
spam,Claim your free vacation today! Click here.
safe,Can you provide feedback on the proposal?
spam,Your account has been flagged. Verify now!
safe,Thanks for your prompt response.
spam,Get 25% off your next purchase. Shop today!
safe,I'll check the details and get back to you.
spam,Your device is at risk. Scan it now!
safe,Please let me know your preferred time.
spam,Win a free gift by completing our survey!
safe,Thanks for your collaboration on this.
spam,Your account is eligible for a discount. Claim it!
safe,I'll send the updated plan by tomorrow.
spam,Act now to save on your subscription! Limited time.
safe,Can you confirm the delivery date?
spam,Your account is suspended. Reactivate it now!
safe,Thanks for your support during the project.
spam,Get a free trial for our service. Sign up today!
safe,Please let me know if you have any questions.
spam,Your payment is overdue. Pay now to continue!
safe,I'll follow up with the team next week.
spam,Win a free cruise! Enter our contest now.
safe,Can you send the revised document?
spam,Your account needs verification. Click here!
safe,Thanks for your feedback on the design.
spam,Get free shipping today! Shop now!
safe,Please confirm your availability for the call.
spam,Your account is eligible for a free upgrade. Act now!
safe,I'll send you the details by the end of the day.
spam,Your subscription is about to lapse. Renew today!
safe,Can you review the agenda before the meeting?
spam,Win a free smart TV! Click to claim!
safe,Thanks for your quick action on this.
spam,Your account is at risk. Verify your details now!
safe,Let me know if you need assistance with the setup.
spam,Get a free membership today! Limited offer.
safe,I'll be available for a discussion tomorrow.
spam,Your payment is pending. Complete it now!
safe,Please share the project timeline with me.
spam,Claim your $200 gift card! Act fast!
safe,Thanks for your help with the review.
spam,Your device needs a security update. Click here!
safe,Can you confirm the meeting location?
spam,Get exclusive access to our premium plan. Join now!
safe,I'll send the final report by tomorrow.
spam,Your account is locked. Reset your password now!
safe,Please let me know if the schedule works.
spam,Win a free vacation package! Enter now.
safe,Thanks for your input on the project.
spam,Your account is eligible for a cashback. Claim it!
safe,I'll follow up after reviewing the document.
spam,Get a free trial of our service. Sign up now!
safe,Can you send the updated slides?
spam,Your payment is due. Pay now to avoid fees!
safe,Thanks for your cooperation on this issue.
spam,Your account is at risk. Secure it now!
safe,Please let me know if you need more details.
spam,Win a free gift card! Complete our survey.
safe,I'll be reachable via email tomorrow.
spam,Your subscription needs renewal. Act now!
safe,Can you confirm receipt of the file?
spam,Get 30% off your next order. Shop today!
safe,Thanks for your feedback on the plan.
spam,Your account is suspended. Verify now!
safe,I'll send you the meeting details shortly.
spam,Claim your free consultation! Limited spots.
safe,Please review the contract and let me know.
spam,Your device is infected. Scan it now!
safe,Can you share the latest updates?
spam,Win a free tablet! Click here to claim!
safe,Thanks for your quick response today.
spam,Your account needs attention. Click to resolve.
safe,I'll follow up with you next week.
spam,Get free access to our VIP membership. Join now!
safe,Please let me know if you need clarification.
spam,Your payment was rejected. Update it now!
safe,Can you confirm your attendance?
spam,Win big with our sweepstakes! Enter now.
safe,Thanks for your help with the draft.
spam,Your account is at risk. Secure it immediately!
safe,Let me know if you need more information.
spam,Get a free consultation today! Sign up now!
safe,I'll be out of the office but available via email.
spam,Your subscription is expiring. Renew now!
safe,Please share the final draft when ready.
spam,Claim your free vacation today! Click here.
safe,Can you provide feedback on the proposal?
spam,Your account has been flagged. Verify now!
safe,Thanks for your prompt response.
spam,Get 25% off your next purchase. Shop today!
safe,I'll check the details and get back to you.
spam,Your device is at risk. Scan it now!
safe,Please let me know your preferred time.
spam,Win a free gift by completing our survey!
safe,Thanks for your collaboration on this.
spam,Your account is eligible for a discount. Claim it!
safe,I'll send the updated plan by tomorrow.
spam,Act now to save on your subscription! Limited time.
safe,Can you confirm the delivery date?
spam,Your account is suspended. Reactivate it now!
safe,Thanks for your support during the project.
spam,Get a free trial for our service. Sign up today!
safe,Please let me know if you have any questions.
spam,Your payment is overdue. Pay now to continue!
safe,I'll follow up with the team next week.
spam,Win a free cruise! Enter our contest now.
safe,Can you send the revised document?
spam,Your account needs verification. Click here!
safe,Thanks for your feedback on the design.
spam,Get free shipping today! Shop now!
safe,Please confirm your availability for the call.
spam,Your account is eligible for a free upgrade. Act now!
safe,I'll send you the details by the end of the day.
spam,Your subscription is about to lapse. Renew today!
safe,Can you review the agenda before the meeting?
spam,Win a free smart TV! Click to claim!
safe,Thanks for your quick action on this.
spam,Your account is at risk. Verify your details now!
safe,Let me know if you need assistance with the setup.
spam,Get a free membership today! Limited offer.
safe,I'll be available for a discussion tomorrow.
spam,Your payment is pending. Complete it now!
safe,Please share the project timeline with me.
spam,Claim your $200 gift card! Act fast!
safe,Thanks for your help with the review.
spam,Your device needs a security update. Click here!
safe,Can you confirm the meeting location?
spam,Get exclusive access to our premium plan. Join now!
safe,I'll send the final report by tomorrow.
spam,Your account is locked. Reset your password now!
safe,Please let me know if the schedule works.
spam,Win a free vacation package! Enter now.
safe,Thanks for your input on the project.
spam,Your account is eligible for a cashback. Claim it!
safe,I'll follow up after reviewing the document.
spam,Get a free trial of our service. Sign up now!
safe,Can you send the updated slides?
spam,Your payment is due. Pay now to avoid fees!
safe,Thanks for your cooperation on this issue.
spam,Your account is at risk. Secure it now!
safe,Please let me know if you need more details.
spam,Win a free gift card! Complete our survey.
safe,I'll be reachable via email tomorrow.
spam,Your subscription needs renewal. Act now!
safe,Can you confirm receipt of the file?
spam,Get 30% off your next order. Shop today!
safe,Thanks for your feedback on the plan.
spam,Your account is suspended. Verify now!
safe,I'll send you the meeting details shortly.
spam,Claim your free consultation! Limited spots.
safe,Please review the contract and let me know.
spam,Your device is infected. Scan it now!
safe,Can you share the latest updates?
spam,Win a free tablet! Click here to claim!
safe,Thanks for your quick response today.
spam,Your account needs attention. Click to resolve.
safe,I'll follow up with you next week.
spam,Get free access to our VIP membership. Join now!
safe,Please let me know if you need clarification.
spam,Your payment was rejected. Update it now!
safe,Can you confirm your attendance?
spam,Win big with our sweepstakes! Enter now.
safe,Thanks for your help with the draft.
spam,Your account is at risk. Secure it immediately!
safe,Let me know if you need more information.
spam,Get a free consultation today! Sign up now!
safe,I'll be out of the office but available via email.
spam,Your subscription is expiring. Renew now!
safe,Please share the final draft when ready.
spam,Claim your free vacation today! Click here.
safe,Can you provide feedback on the proposal?
spam,Your account has been flagged. Verify now!
safe,Thanks for your prompt response.
spam,Get 25% off your next purchase. Shop today!
safe,I'll check the details and get back to you.
spam,Your device is at risk. Scan it now!
safe,Please let me know your preferred time.
spam,Win a free gift by completing our survey!
safe,Thanks for your collaboration on this.
spam,Your account is eligible for a discount. Claim it!
safe,I'll send the updated plan by tomorrow.
spam,Act now to save on your subscription! Limited time.
safe,Can you confirm the delivery date?
spam,Your account is suspended. Reactivate it now!
safe,Thanks for your support during the project.
spam,Get a free trial for our service. Sign up today!
safe,Please let me know if you have any questions.
spam,Your payment is overdue. Pay now to continue!
safe,I'll follow up with the team next week.
spam,Win a free cruise! Enter our contest now.
safe,Can you send the revised document?
spam,Your account needs verification. Click here!
safe,Thanks for your feedback on the design.
spam,Get free shipping today! Shop now!
safe,Please confirm your availability for the call.
spam,Your account is eligible for a free upgrade. Act now!
safe,I'll send you the details by the end of the day.
spam,Your subscription is about to lapse. Renew today!
safe,Can you review the agenda before the meeting?
spam,Win a free smart TV! Click to claim!
safe,Thanks for your quick action on this.
spam,Your account is at risk. Verify your details now!
safe,Let me know if you need assistance with the setup.
spam,Get a free membership today! Limited offer.
safe,I'll be available for a discussion tomorrow.
spam,Your payment is pending. Complete it now!
safe,Please share the project timeline with me.
spam,Claim your $200 gift card! Act fast!
safe,Thanks for your help with the review.
spam,Your device needs a security update. Click here!
safe,Can you confirm the meeting location?
spam,Get exclusive access to our premium plan. Join now!
safe,I'll send the final report by tomorrow.
spam,Your account is locked. Reset your password now!
safe,Please let me know if the schedule works.
spam,Win a free vacation package! Enter now.
safe,Thanks for your input on the project.
spam,Your account is eligible for a cashback. Claim it!
safe,I'll follow up after reviewing the document.
spam,Get a free trial of our service. Sign up now!
safe,Can you send the updated slides?
spam,Your payment is due. Pay now to avoid fees!
safe,Thanks for your cooperation on this issue.
spam,Your account is at risk. Secure it now!
safe,Please let me know if you need more details.
spam,Win a free gift card! Complete our survey.
safe,I'll be reachable via email tomorrow.
spam,Your subscription needs renewal. Act now!
safe,Can you confirm receipt of the file?
spam,Get 30% off your next order. Shop today!
safe,Thanks for your feedback on the plan.
spam,Your account is suspended. Verify now!
safe,I'll send you the meeting details shortly.
spam,Claim your free consultation! Limited spots.
safe,Please review the contract and let me know.
spam,Your device is infected. Scan it now!
safe,Can you share the latest updates?
spam,Win a free tablet! Click here to claim!
safe,Thanks for your quick response today.
spam,Your account needs attention. Click to resolve.
safe,I'll follow up with you next week.
spam,Get free access to our VIP membership. Join now!
safe,Please let me know if you need clarification.
spam,Your payment was rejected. Update it now!
safe,Can you confirm your attendance?
spam,Win big with our sweepstakes! Enter now.
safe,Thanks for your help with the draft.
spam,Your account is at risk. Secure it immediately!
safe,Let me know if you need more information.
spam,Get a free consultation today! Sign up now!
safe,I'll be out of the office but available via email.
spam,Your subscription is expiring. Renew now!
safe,Please share the final draft when ready.
spam,Claim your free vacation today! Click here.
safe,Can you provide feedback on the proposal?
spam,Your account has been flagged. Verify now!
safe,Thanks for your prompt response.
spam,Get 25% off your next purchase. Shop today!
safe,I'll check the details and get back to you.
spam,Your device is at risk. Scan it now!
safe,Please let me know your preferred time.
spam,Win a free gift by completing our survey!
safe,Thanks for your collaboration on this.
spam,Your account is eligible for a discount. Claim it!
safe,I'll send the updated plan by tomorrow.
spam,Act now to save on your subscription! Limited time.
safe,Can you confirm the delivery date?
spam,Your account is suspended. Reactivate it now!
safe,Thanks for your support during the project.
spam,Get a free trial for our service. Sign up today!
safe,Please let me know if you have any questions.
spam,Your payment is overdue. Pay now to continue!
safe,I'll follow up with the team next week.
spam,Win a free cruise! Enter our contest now.
safe,Can you send the revised document?
spam,Your account needs verification. Click here!
safe,Thanks for your feedback on the design.
spam,Get free shipping today! Shop now!
safe,Please confirm your availability for the call.
spam,Your account is eligible for a free upgrade. Act now!
safe,I'll send you the details by the end of the day.
spam,Your subscription is about to lapse. Renew today!
safe,Can you review the agenda before the meeting?
spam,Win a free smart TV! Click to claim!
safe,Thanks for your quick action on this.
spam,Your account is at risk. Verify your details now!
safe,Let me know if you need assistance with the setup.
spam,Get a free membership today! Limited offer.
safe,I'll be available for a discussion tomorrow.
spam,Your payment is pending. Complete it now!
safe,Please share the project timeline with me.
spam,Claim your $200 gift card! Act fast!
safe,Thanks for your help with the review.
spam,Your device needs a security update. Click here!
safe,Can you confirm the meeting location?
spam,Get exclusive access to our premium plan. Join now!
safe,I'll send the final report by tomorrow.
spam,Your account is locked. Reset your password now!
safe,Please let me know if the schedule works.
spam,Win a free vacation package! Enter now.
safe,Thanks for your input on the project.
spam,Your account is eligible for a cashback. Claim it!
safe,I'll follow up after reviewing the document.
spam,Get a free trial of our service. Sign up now!
safe,Can you send the updated slides?
spam,Your payment is due. Pay now to avoid fees!
safe,Thanks for your cooperation on this issue.
spam,Your account is at risk. Secure it now!
safe,Please let me know if you need more details.
spam,Win a free gift card! Complete our survey.
safe,I'll be reachable via email tomorrow.
spam,Your subscription needs renewal. Act now!
safe,Can you confirm receipt of the file?
spam,Get 30% off your next order. Shop today!
safe,Thanks for your feedback on the plan.
spam,Your account is suspended. Verify now!
safe,I'll send you the meeting details shortly.
spam,Claim your free consultation! Limited spots.
safe,Please review the contract and let me know.
spam,Your device is infected. Scan it now!
safe,Can you share the latest updates?
spam,Win a free tablet! Click here to claim!
safe,Thanks for your quick response today.
spam,Your account needs attention. Click to resolve.
safe,I'll follow up with you next week.
spam,Get free access to our VIP membership. Join now!
safe,Please let me know if you need clarification.
spam,Your payment was rejected. Update it now!
safe,Can you confirm your attendance?
spam,Win big with our sweepstakes! Enter now.
safe,Thanks for your help with the draft.
spam,Your account is at risk. Secure it immediately!
safe,Let me know if you need more information.
spam,Get a free consultation today! Sign up now!
safe,I'll be out of the office but available via email.
spam,Your subscription is expiring. Renew now!
safe,Please share the final draft when ready.
spam,Claim your free vacation today! Click here.
safe,Can you provide feedback on the proposal?
spam,Your account has been flagged. Verify now!
safe,Thanks for your prompt response.
spam,Get 25% off your next purchase. Shop today!
safe,I'll check the details and get back to you.
spam,Your device is at risk. Scan it now!
safe,Please let me know your preferred time.
spam,Win a free gift by completing our survey!
safe,Thanks for your collaboration on this.
spam,Your account is eligible for a discount. Claim it!
safe,I'll send the updated plan by tomorrow.
spam,Act now to save on your subscription! Limited time.
safe,Can you confirm the delivery date?
spam,Your account is suspended. Reactivate it now!
safe,Thanks for your support during the project.
spam,Get a free trial for our service. Sign up today!
safe,Please let me know if you have any questions.
spam,Your payment is overdue. Pay now to continue!
safe,I'll follow up with the team next week.
spam,Win a free cruise! Enter our contest now.
safe,Can you send the revised document?
spam,Your account needs verification. Click here!
safe,Thanks for your feedback on the design.
spam,Get free shipping today! Shop now!
safe,Please confirm your availability for the call.
spam,Your account is eligible for a free upgrade. Act now!
safe,I'll send you the details by the end of the day.
spam,Your subscription is about to lapse. Renew today!
safe,Can you review the agenda before the meeting?
spam,Win a free smart TV! Click to claim!
safe,Thanks for your quick action on this.
spam,Your account is at risk. Verify your details now!
safe,Let me know if you need assistance with the setup.
spam,Get a free membership today! Limited offer.
safe,I'll be available for a discussion tomorrow.
spam,Your payment is pending. Complete it now!
safe,Please share the project timeline with me.
spam,Claim your $200 gift card! Act fast!
safe,Thanks for your help with the review.
spam,Your device needs a security update. Click here!
safe,Can you confirm the meeting location?
spam,Get exclusive access to our premium plan. Join now!
safe,I'll send the final report by tomorrow.
spam,Your account is locked. Reset your password now!
safe,Please let me know if the schedule works.
spam,Win a free vacation package! Enter now.
safe,Thanks for your input on the project.
spam,Your account is eligible for a cashback. Claim it!
safe,I'll follow up after reviewing the document.
spam,Get a free trial of our service. Sign up now!
safe,Can you send the updated slides?
spam,Your payment is due. Pay now to avoid fees!
safe,Thanks for your cooperation on this issue.
spam,Your account is at risk. Secure it now!
safe,Please let me know if you need more details.
spam,Win a free gift card! Complete our survey.
safe,I'll be reachable via email tomorrow.
spam,Your subscription needs renewal. Act now!
safe,Can you confirm receipt of the file?
spam,Get 30% off your next order. Shop today!
safe,Thanks for your feedback on the plan.
spam,Your account is suspended. Verify now!
safe,I'll send you the meeting details shortly.
spam,Claim your free consultation! Limited spots.
safe,Please review the contract and let me know.
spam,Your device is infected. Scan it now!
safe,Can you share the latest updates?
spam,Win a free tablet! Click here to claim!
safe,Thanks for your quick response today.
spam,Your account needs attention. Click to resolve.
safe,I'll follow up with you next week.
spam,Get free access to our VIP membership. Join now!
safe,Please let me know if you need clarification.
spam,Your payment was rejected. Update it now!
safe,Can you confirm your attendance?
spam,Win big with our sweepstakes! Enter now.
safe,Thanks for your help with the draft.
spam,Your account is at risk. Secure it immediately!
safe,Let me know if you need more information.
spam,Get a free consultation today! Sign up now!
safe,I'll be out of the office but available via email.
spam,Your subscription is expiring. Renew now!
safe,Please share the final draft when ready.
spam,Claim your free vacation today! Click here.
safe,Can you provide feedback on the proposal?
spam,Your account has been flagged. Verify now!
safe,Thanks for your prompt response.
spam,Get 25% off your next purchase. Shop today!
safe,I'll check the details and get back to you.
spam,Your device is at risk. Scan it now!
safe,Please let me know your preferred time.
spam,Win a free gift by completing our survey!
safe,Thanks for your collaboration on this.
spam,Your account is eligible for a discount. Claim it!
safe,I'll send the updated plan by tomorrow.
spam,Act now to save on your subscription! Limited time.
safe,Can you confirm the delivery date?
spam,Your account is suspended. Reactivate it now!
safe,Thanks for your support during the project.
spam,Get a free trial for our service. Sign up today!
safe,Please let me know if you have any questions.
spam,Your payment is overdue. Pay now to continue!
safe,I'll follow up with the team next week.
spam,Win a free cruise! Enter our contest now.
safe,Can you send the revised document?
spam,Your account needs verification. Click here!
safe,Thanks for your feedback on the design.
spam,Get free shipping today! Shop now!
safe,Please confirm your availability for the call.
spam,Your account is eligible for a free upgrade. Act now!
safe,I'll send you the details by the end of the day.
spam,Your subscription is about to lapse. Renew today!
safe,Can you review the agenda before the meeting?
spam,Win a free smart TV! Click to claim!
safe,Thanks for your quick action on this.
spam,Your account is at risk. Verify your details now!
safe,Let me know if you need assistance with the setup.
spam,Get a free membership today! Limited offer.
safe,I'll be available for a discussion tomorrow.
spam,Your payment is pending. Complete it now!
safe,Please share the project timeline with me.
spam,Claim your $200 gift card! Act fast!
safe,Thanks for your help with the review.
spam,Your device needs a security update. Click here!
safe,Can you confirm the meeting location?
spam,Get exclusive access to our premium plan. Join now!
safe,I'll send the final report by tomorrow.
spam,Your account is locked. Reset your password now!
safe,Please let me know if the schedule works.
spam,Win a free vacation package! Enter now.
safe,Thanks for your input on the project.
spam,Your account is eligible for a cashback. Claim it!
safe,I'll follow up after reviewing the document.
spam,Get a free trial of our service. Sign up now!
safe,Can you send the updated slides?
spam,Your payment is due. Pay now to avoid fees!
safe,Thanks for your cooperation on this issue.
spam,Your account is at risk. Secure it now!
safe,Please let me know if you need more details.
spam,Win a free gift card! Complete our survey.
safe,I'll be reachable via email tomorrow.
spam,Your subscription needs renewal. Act now!
safe,Can you confirm receipt of the file?
spam,Get 30% off your next order. Shop today!
safe,Thanks for your feedback on the plan.
spam,Your account is suspended. Verify now!
safe,I'll send you the meeting details shortly.
spam,Claim your free consultation! Limited spots.
safe,Please review the contract and let me know.
spam,Your device is infected. Scan it now!
safe,Can you share the latest updates?
spam,Win a free tablet! Click here to claim!
safe,Thanks for your quick response today.
spam,Your account needs attention. Click to resolve.
safe,I'll follow up with you next week.
spam,Get free access to our VIP membership. Join now!
safe,Please let me know if you need clarification.
spam,Your payment was rejected. Update it now!
safe,Can you confirm your attendance?
spam,Win big with our sweepstakes! Enter now.
safe,Thanks for your help with the draft.
spam,Your account is at risk. Secure it immediately!
safe,Let me know if you need more information.
spam,Get a free consultation today! Sign up now!
safe,I'll be out of the office but available via email.
spam,Your subscription is expiring. Renew now!
safe,Please share the final draft when ready.
spam,Claim your free vacation today! Click here.
safe,Can you provide feedback on the proposal?
spam,Your account has been flagged. Verify now!
safe,Thanks for your prompt response.
spam,Get 25% off your next purchase. Shop today!
safe,I'll check the details and get back to you.
spam,Your device is at risk. Scan it now!
safe,Please let me know your preferred time.
spam,Win a free gift by completing our survey!
safe,Thanks for your collaboration on this.
spam,Your account is eligible for a discount. Claim it!
safe,I'll send the updated plan by tomorrow.
spam,Act now to save on your subscription! Limited time.
safe,Can you confirm the delivery date?
spam,Your account is suspended. Reactivate it now!
safe,Thanks for your support during the project.
spam,Get a free trial for our service. Sign up today!
safe,Please let me know if you have any questions.
spam,Your payment is overdue. Pay now to continue!
safe,I'll follow up with the team next week.
spam,Win a free cruise! Enter our contest now.
safe,Can you send the revised document?
spam,Your account needs verification. Click here!
safe,Thanks for your feedback on the design.
spam,Get free shipping today! Shop now!
safe,Please confirm your availability for the call.
spam,Your account is eligible for a free upgrade. Act now!
safe,I'll send you the details by the end of the day.
spam,Your subscription is about to lapse. Renew today!
safe,Can you review the agenda before the meeting?
spam,Win a free smart TV! Click to claim!
safe,Thanks for your quick action on this.
spam,Your account is at risk. Verify your details now!
safe,Let me know if you need assistance with the setup.
spam,Get a free membership today! Limited offer.
safe,I'll be available for a discussion tomorrow.
spam,Your payment is pending. Complete it now!
safe,Please share the project timeline with me.
spam,Claim your $200 gift card! Act fast!
safe,Thanks for your help with the review.
spam,Your device needs a security update. Click here!
safe,Can you confirm the meeting location?
spam,Get exclusive access to our premium plan. Join now!
safe,I'll send the final report by tomorrow.
spam,Your account is locked. Reset your password now!
safe,Please let me know if the schedule works.
spam,Win a free vacation package! Enter now.
safe,Thanks for your input on the project.
spam,Your account is eligible for a cashback. Claim it!
safe,I'll follow up after reviewing the document.
spam,Get a free trial of our service. Sign up now!
safe,Can you send the updated slides?
spam,Your payment is due. Pay now to avoid fees!
safe,Thanks for your cooperation on this issue.
spam,Your account is at risk. Secure it now!
safe,Please let me know if you need more details.
spam,Win a free gift card! Complete our survey.
safe,I'll be reachable via email tomorrow.
spam,Your subscription needs renewal. Act now!
safe,Can you confirm receipt of the file?
spam,Get 30% off your next order. Shop today!
safe,Thanks for your feedback on the plan.
spam,Your account is suspended. Verify now!
safe,I'll send you the meeting details shortly.
spam,Claim your free consultation! Limited spots.
safe,Please review the contract and let me know.
spam,Your device is infected. Scan it now!
safe,Can you share the latest updates?
spam,Win a free tablet! Click here to claim!
safe,Thanks for your quick response today.
spam,Your account needs attention. Click to resolve.
safe,I'll follow up with you next week.
spam,Get free access to our VIP membership. Join now!
safe,Please let me know if you need clarification.
spam,Your payment was rejected. Update it now!
safe,Can you confirm your attendance?
spam,Win big with our sweepstakes! Enter now.
safe,Thanks for your help with the draft.
spam,Your account is at risk. Secure it immediately!
safe,Let me know if you need more information.
spam,Get a free consultation today! Sign up now!
safe,I'll be out of the office but available via email.
spam,Your subscription is expiring. Renew now!
safe,Please share the final draft when ready.
spam,Claim your free vacation today! Click here.
safe,Can you provide feedback on the proposal?
spam,Your account has been flagged. Verify now!
safe,Thanks for your prompt response.
spam,Get 25% off your next purchase. Shop today!
safe,I'll check the details and get back to you.
spam,Your device is at risk. Scan it now!
safe,Please let me know your preferred time.
spam,Win a free gift by completing our survey!
safe,Thanks for your collaboration on this.
spam,Your account is eligible for a discount. Claim it!
safe,I'll send the updated plan by tomorrow.
spam,Act now to save on your subscription! Limited time.
safe,Can you confirm the delivery date?
spam,Your account is suspended. Reactivate it now!
safe,Thanks for your support during the project.
spam,Get a free trial of our service. Sign up today!
safe,Please let me know if you have any questions.
spam,Your payment is overdue. Pay now to continue!
safe,I'll follow up with the team next week.
spam,Win a free cruise! Enter our contest now.
safe,Can you send the revised document?
spam,Your account needs verification. Click here!
safe,Thanks for your feedback on the design.
spam,Get free shipping today! Shop now!
safe,Please confirm your availability for the call.
spam,Your account is eligible for a free upgrade. Act now!
safe,I'll send you the details by the end of the day.
spam,Your subscription is about to lapse. Renew today!
safe,Can you review the agenda before the meeting?
spam,Win a free smart TV! Click to claim!
safe,Thanks for your quick action on this.
spam,Your account is at risk. Verify your details now!
safe,Let me know if you need assistance with the setup.
spam,Get a free membership today! Limited offer.
safe,I'll be available for a discussion tomorrow.
spam,Your payment is pending. Complete it now!
safe,Please share the project timeline with me.
spam,Claim your $200 gift card! Act fast!
safe,Thanks for your help with the review.
spam,Your device needs a security update. Click here!
safe,Can you confirm the meeting location?
spam,Get exclusive access to our premium plan. Join now!
safe,I'll send the final report by tomorrow.
spam,Your account is locked. Reset your password now!
safe,Please let me know if the schedule works.
spam,Win a free vacation package! Enter now.
safe,Thanks for your input on the project.
spam,Your account is eligible for a cashback. Claim it!
safe,I'll follow up after reviewing the document.
spam,Get a free trial of our service. Sign up now!
safe,Can you send the updated slides?
spam,Your payment is due. Pay now to avoid fees!
safe,Thanks for your cooperation on this issue.
spam,Your account is at risk. Secure it now!
safe,Please let me know if you need more details.
spam,Win a free gift card! Complete our survey.
safe,I'll be reachable via email tomorrow.
spam,Your subscription needs renewal. Act now!
safe,Can you confirm receipt of the file?
spam,Get 30% off your next order. Shop today!
safe,Thanks for your feedback on the plan.
spam,Your account is suspended. Verify now!
safe,I'll send you the meeting details shortly.
spam,Claim your free consultation! Limited spots.
safe,Please review the contract and let me know.
spam,Your device is infected. Scan it now!
safe,Can you share the latest updates?
spam,Win a free tablet! Click here to claim!
safe,Thanks for your quick response today.
spam,Your account needs attention. Click to resolve.
safe,I'll follow up with you next week.
spam,Get free access to our VIP membership. Join now!
safe,Please let me know if you need clarification.
spam,Your payment was rejected. Update it now!
safe,Can you confirm your attendance?
spam,Win big with our sweepstakes! Enter now.
safe,Thanks for your help with the draft.
spam,Your account is at risk. Secure it immediately!
safe,Let me know if you need more information.
spam,Get a free consultation today! Sign up now!
safe,I'll be out of the office but available via email.
spam,Your subscription is expiring. Renew now!
safe,Please share the final draft when ready.
spam,Claim your free vacation today! Click here.
safe,Can you provide feedback on the proposal?
spam,Your account has been flagged. Verify now!
safe,Thanks for your prompt response.
spam,Get 25% off your next purchase. Shop today!
safe,I'll check the details and get back to you.
spam,Your device is at risk. Scan it now!
safe,Please let me know your preferred time.
spam,Win a free gift by completing our survey!
safe,Thanks for your collaboration on this.
spam,Your account is eligible for a discount. Claim it!
safe,I'll send the updated plan by tomorrow.
spam,Act now to save on your subscription! Limited time.
safe,Can you confirm the delivery date?
spam,Your account is suspended. Reactivate it now!
safe,Thanks for your support during the project.
spam,Get a free trial of our service. Sign up today!
safe,Please let me know if you have any questions.
spam,Your payment is overdue. Pay now to continue!
safe,I'll follow up with the team next week.
spam,Win a free cruise! Enter our contest now.
safe,Can you send the revised document?
spam,Your account needs verification. Click here!
safe,Thanks for your feedback on the design.
spam,Get free shipping today! Shop now!
safe,Please confirm your availability for the call.
spam,Your account is eligible for a free upgrade. Act now!
safe,I'll send you the details by the end of the day.
spam,Your subscription is about to lapse. Renew today!
safe,Can you review the agenda before the meeting?
spam,Win a free smart TV! Click to claim!
safe,Thanks for your quick action on this.
spam,Your account is at risk. Verify your details now!
safe,Let me know if you need assistance with the setup.
spam,Get a free membership today! Limited offer.
safe,I'll be available for a discussion tomorrow.
spam,Your payment is pending. Complete it now!
safe,Please share the project timeline with me.
spam,Claim your $200 gift card! Act fast!
safe,Thanks for your help with the review.
spam,Your device needs a security update. Click here!
safe,Can you confirm the meeting location?
spam,Get exclusive access to our premium plan. Join now!
safe,I'll send the final report by tomorrow.
spam,Your account is locked. Reset your password now!
safe,Please let me know if the schedule works.
spam,Win a free vacation package! Enter now.
safe,Thanks for your input on the project.
spam,Your account is eligible for a cashback. Claim it!
safe,I'll follow up after reviewing the document.
spam,Get a free trial of our service. Sign up now!
safe,Can you send the updated slides?
spam,Your payment is due. Pay now to avoid fees!
safe,Thanks for your cooperation on this issue.
spam,Your account is at risk. Secure it now!
safe,Please let me know if you need more details.
spam,Win a free gift card! Complete our survey.
safe,I'll be reachable via email tomorrow.
spam,Your subscription needs renewal. Act now!
safe,Can you confirm receipt of the file?
spam,Get 30% off your next order. Shop today!
safe,Thanks for your feedback on the plan.
spam,Your account is suspended. Verify now!
safe,I'll send you the meeting details shortly.
spam,Claim your free consultation! Limited spots.
safe,Please review the contract and let me know.
spam,Your device is infected. Scan it now!
safe,Can you share the latest updates?
spam,Win a free tablet! Click here to claim!
safe,Thanks for your quick response today.
spam,Your account needs attention. Click to resolve.
safe,I'll follow up with you next week.
spam,Get free access to our VIP membership. Join now!
safe,Please let me know if you need clarification.
spam,Your payment was rejected. Update it now!
safe,Can you confirm your attendance?
spam,Win big with our sweepstakes! Enter now.
safe,Thanks for your help with the draft.
spam,Your account is at risk. Secure it immediately!
safe,Let me know if you need more information.
spam,Get a free consultation today! Sign up now!
safe,I'll be out of the office but available via email.
spam,Your subscription is expiring. Renew now!
safe,Please share the final draft when ready.
spam,Claim your free vacation today! Click here.
safe,Can you provide feedback on the proposal?
spam,Your account has been flagged. Verify now!
safe,Thanks for your prompt response.
spam,Get 25% off your next purchase. Shop today!
safe,I'll check the details and get back to you.
spam,Your device is at risk. Scan it now!
safe,Please let me know your preferred time.
spam,Win a free gift by completing our survey!
safe,Thanks for your collaboration on this.
spam,Your account is eligible for a discount. Claim it!
safe,I'll send the updated plan by tomorrow.
spam,Act now to save on your subscription! Limited time.
safe,Can you confirm the delivery date?
spam,Your account is suspended. Reactivate it now!
safe,Thanks for your support during the project.
spam,Get a free trial of our service. Sign up today!
safe,Please let me know if you have any questions.
spam,Your payment is overdue. Pay now to continue!
safe,I'll follow up with the team next week.
spam,Win a free cruise! Enter our contest now.
safe,Can you send the revised document?
spam,Your account needs verification. Click here!
safe,Thanks for your feedback on the design.
spam,Get free shipping today! Shop now!
safe,Please confirm your availability for the call.
spam,Your account is eligible for a free upgrade. Act now!
safe,I'll send you the details by the end of the day.
spam,Your subscription is about to lapse. Renew today!
safe,Can you review the agenda before the meeting?
spam,Win a free smart TV! Click to claim!
safe,Thanks for your quick action on this.
spam,Your account is at risk. Verify your details now!
safe,Let me know if you need assistance with the setup.
spam,Get a free membership today! Limited offer.
safe,I'll be available for a discussion tomorrow.
spam,Your payment is pending. Complete it now!
safe,Please share the project timeline with me.
spam,Claim your $200 gift card! Act fast!
safe,Thanks for your help with the review.
spam,Your device needs a security update. Click here!
safe,Can you confirm the meeting location?
spam,Get exclusive access to our premium plan. Join now!
safe,I'll send the final report by tomorrow.
spam,Your account is locked. Reset your password now!
safe,Please let me know if the schedule works.
spam,Win a free vacation package! Enter now.
safe,Thanks for your input on the project.
spam,Your account is eligible for a cashback. Claim it!
safe,I'll follow up after reviewing the document.
spam,Get a free trial of our service. Sign up now!
safe,Can you send the updated slides?
spam,Your payment is due. Pay now to avoid fees!
safe,Thanks for your cooperation on this issue.
spam,Your account is at risk. Secure it now!
safe,Please let me know if you need more details.
spam,Win a free gift card! Complete our survey.
safe,I'll be reachable via email tomorrow.
spam,Your subscription needs renewal. Act now!
safe,Can you confirm receipt of the file?
spam,Get 30% off your next order. Shop today!
safe,Thanks for your feedback on the plan.
spam,Your account is suspended. Verify now!
safe,I'll send you the meeting details shortly.
spam,Claim your free consultation! Limited spots.
safe,Please review the contract and let me know.
spam,Your device is infected. Scan it now!
safe,Can you share the latest updates?
spam,Win a free tablet! Click here to claim!
safe,Thanks for your quick response today.
spam,Your account needs attention. Click to resolve.
safe,I'll follow up with you next week.
spam,Get free access to our VIP membership. Join now!
safe,Please let me know if you need clarification.
spam,Your payment was rejected. Update it now!
safe,Can you confirm your attendance?
spam,Win big with our sweepstakes! Enter now.
safe,Thanks for your help with the draft.
spam,Your account is at risk. Secure it immediately!
safe,Let me know if you need more information.
spam,Get a free consultation today! Sign up now!
safe,I'll be out of the office but available via email.
spam,Your subscription is expiring. Renew now!
safe,Please share the final draft when ready.
spam,Claim your free vacation today! Click here.
safe,Can you provide feedback on the proposal?
spam,Your account has been flagged. Verify now!
safe,Thanks for your prompt response.
spam,Get 25% off your next purchase. Shop today!
safe,I'll check the details and get back to you.
spam,Your device is at risk. Scan it now!
safe,Please let me know your preferred time.
spam,Win a free gift by completing our survey!
safe,Thanks for your collaboration on this.
spam,Your account is eligible for a discount. Claim it!
safe,I'll send the updated plan by tomorrow.
spam,Act now to save on your subscription! Limited time.
safe,Can you confirm the delivery date?
spam,Your account is suspended. Reactivate it now!
safe,Thanks for your support during the project.
spam,Get a free trial of our service. Sign up today!
safe,Please let me know if you have any questions.
spam,Your payment is overdue. Pay now to continue!
safe,I'll follow up with the team next week.
spam,Win a free cruise! Enter our contest now.
safe,Can you send the revised document?
spam,Your account needs verification. Click here!
safe,Thanks for your feedback on the design.
spam,Get free shipping today! Shop now!
safe,Please confirm your availability for the call.
spam,Your account is eligible for a free upgrade. Act now!
safe,I'll send you the details by the end of the day.
spam,Your subscription is about to lapse. Renew today!
safe,Can you review the agenda before the meeting?
spam,Win a free smart TV! Click to claim!
safe,Thanks for your quick action on this.
spam,Your account is at risk. Verify your details now!
safe,Let me know if you need assistance with the setup.
spam,Get a free membership today! Limited offer.
safe,I'll be available for a discussion tomorrow.
spam,Your payment is pending. Complete it now!
safe,Please share the project timeline with me.
spam,Claim your $200 gift card! Act fast!
safe,Thanks for your help with the review.
spam,Your device needs a security update. Click here!
safe,Can you confirm the meeting location?
spam,Get exclusive access to our premium plan. Join now!
safe,I'll send the final report by tomorrow.
spam,Your account is locked. Reset your password now!
safe,Please let me know if the schedule works.
spam,Win a free vacation package! Enter now.
safe,Thanks for your input on the project.
spam,Your account is eligible for a cashback. Claim it!
safe,I'll follow up after reviewing the document.
spam,Get a free trial of our service. Sign up now!
safe,Can you send the updated slides?
spam,Your payment is due. Pay now to avoid fees!
safe,Thanks for your cooperation on this issue.
spam,Your account is at risk. Secure it now!
safe,Please let me know if you need more details.
spam,Win a free gift card! Complete our survey.
safe,I'll be reachable via email tomorrow.
spam,Your subscription needs renewal. Act now!
safe,Can you confirm receipt of the file?
spam,Get 30% off your next order. Shop today!
safe,Thanks for your feedback on the plan.
spam,Your account is suspended. Verify now!
safe,I'll send you the meeting details shortly.
spam,Claim your free consultation! Limited spots.
safe,Please review the contract and let me know.
spam,Your device is infected. Scan it now!
safe,Can you share the latest updates?
spam,Win a free tablet! Click here to claim!
safe,Thanks for your quick response today.
spam,Your account needs attention. Click to resolve.
safe,I'll follow up with you next week.
spam,Get free access to our VIP membership. Join now!
safe,Please let me know if you need clarification.
spam,Your payment was rejected. Update it now!
safe,Can you confirm your attendance?
spam,Win big with our sweepstakes! Enter now.
safe,Thanks for your help with the draft.
spam,Your account is at risk. Secure it immediately!
safe,Let me know if you need more information.
spam,Get a free consultation today! Sign up now!
safe,I'll be out of the office but available via email.
spam,Your subscription is expiring. Renew now!
safe,Please share the final draft when ready.
spam,Claim your free vacation today! Click here.
safe,Can you provide feedback on the proposal?
spam,Your account has been flagged. Verify now!
safe,Thanks for your prompt response.
spam,Get 25% off your next purchase. Shop today!
safe,I'll check the details and get back to you.
spam,Your device is at risk. Scan it now!
safe,Please let me know your preferred time.
spam,Win a free gift by completing our survey!
safe,Thanks for your collaboration on this.
spam,Your account is eligible for a discount. Claim it!
safe,I'll send the updated plan by tomorrow.
spam,Act now to save on your subscription! Limited time.
safe,Can you confirm the delivery date?
spam,Your account is suspended. Reactivate it now!
safe,Thanks for your support during the project.
spam,Get a free trial of our service. Sign up today!
safe,Please let me know if you have any questions.
spam,Your payment is overdue. Pay now to continue!
safe,I'll follow up with the team next week.
spam,Win a free cruise! Enter our contest now.
safe,Can you send the revised document?
spam,Your account needs verification. Click here!
safe,Thanks for your feedback on the design.
spam,Get free shipping today! Shop now!
safe,Please confirm your availability for the call.
spam,Your account is eligible for a free upgrade. Act now!
safe,I'll send you the details by the end of the day.
spam,Your subscription is about to lapse. Renew today!
safe,Can you review the agenda before the meeting?
spam,Win a free smart TV! Click to claim!
safe,Thanks for your quick action on this.
spam,Your account is at risk. Verify your details now!
safe,Let me know if you need assistance with the setup.
spam,Get a free membership today! Limited offer.
safe,I'll be available for a discussion tomorrow.
spam,Your payment is pending. Complete it now!
safe,Please share the project timeline with me.
spam,Claim your $200 gift card! Act fast!
safe,Thanks for your help with the review.
spam,Your device needs a security update. Click here!
safe,Can you confirm the meeting location?
spam,Get exclusive access to our premium plan. Join now!
safe,I'll send the final report by tomorrow.
spam,Your account is locked. Reset your password now!
safe,Please let me know if the schedule works.
spam,Win a free vacation package! Enter now.
safe,Thanks for your input on the project.
spam,Your account is eligible for a cashback. Claim it!
safe,I'll follow up after reviewing the document.
spam,Get a free trial of our service. Sign up now!
safe,Can you send the updated slides?
spam,Your payment is due. Pay now to avoid fees!
safe,Thanks for your cooperation on this issue.
spam,Your account is at risk. Secure it now!
safe,Please let me know if you need more details.
spam,Win a free gift card! Complete our survey.
safe,I'll be reachable via email tomorrow.
spam,Your subscription needs renewal. Act now!
safe,Can you confirm receipt of the file?
spam,Get 30% off your next order. Shop today!
safe,Thanks for your feedback on the plan.
spam,Your account is suspended. Verify now!
safe,I'll send you the meeting details shortly.
spam,Claim your free consultation! Limited spots.
safe,Please review the contract and let me know.
spam,Your device is infected. Scan it now!
safe,Can you share the latest updates?
spam,Win a free tablet! Click here to claim!
safe,Thanks for your quick response today.
spam,Your account needs attention. Click to resolve.
safe,I'll follow up with you next week.
spam,Get free access to our VIP membership. Join now!
safe,Please let me know if you need clarification.
spam,Your payment was rejected. Update it now!
safe,Can you confirm your attendance?
spam,Win big with our sweepstakes! Enter now.
safe,Thanks for your help with the draft.
spam,Your account is at risk. Secure it immediately!
safe,Let me know if you need more information.
spam,Get a free consultation today! Sign up now!
safe,I'll be out of the office but available via email.
spam,Your subscription is expiring. Renew now!
safe,Please share the final draft when ready.
spam,Claim your free vacation today! Click here.
safe,Can you provide feedback on the proposal?
spam,Your account has been flagged. Verify now!
safe,Thanks for your prompt response.
spam,Get 25% off your next purchase. Shop today!
safe,I'll check the details and get back to you.
spam,Your device is at risk. Scan it now!
safe,Please let me know your preferred time.
spam,Win a free gift by completing our survey!
safe,Thanks for your collaboration on this.
spam,Your account is eligible for a discount. Claim it!
safe,I'll send the updated plan by tomorrow.
spam,Act now to save on your subscription! Limited time.
safe,Can you confirm the delivery date?
spam,Your account is suspended. Reactivate it now!
safe,Thanks for your support during the project.
spam,Get a free trial of our service. Sign up today!
safe,Please let me know if you have any questions.
spam,Your payment is overdue. Pay now to continue!
safe,I'll follow up with the team next week.
spam,Win a free cruise! Enter our contest now.
safe,Can you send the revised document?
spam,Your account needs verification. Click here!
safe,Thanks for your feedback on the design.
spam,Get free shipping today! Shop now!
safe,Please confirm your availability for the call.
spam,Your account is eligible for a free upgrade. Act now!
safe,I'll send you the details by the end of the day.
spam,Your subscription is about to lapse. Renew today!
safe,Can you review the agenda before the meeting?
spam,Win a free smart TV! Click to claim!
safe,Thanks for your quick action on this.
spam,Your account is at risk. Verify your details now!
safe,Let me know if you need assistance with the setup.
spam,Get a free membership today! Limited offer.
safe,I'll be available for a discussion tomorrow.
spam,Your payment is pending. Complete it now!
safe,Please share the project timeline with me.
spam,Claim your $200 gift card! Act fast!
safe,Thanks for your help with the review.
spam,Your device needs a security update. Click here!
safe,Can you confirm the meeting location?
spam,Get exclusive access to our premium plan. Join now!
safe,I'll send the final report by tomorrow.
spam,Your account is locked. Reset your password now!
safe,Please let me know if the schedule works.
spam,Win a free vacation package! Enter now.
safe,Thanks for your input on the project.
spam,Your account is eligible for a cashback. Claim it!
safe,I'll follow up after reviewing the document.
spam,Get a free trial of our service. Sign up now!
safe,Can you send the updated slides?
spam,Your payment is due. Pay now to avoid fees!
safe,Thanks for your cooperation on this issue.
spam,Your account is at risk. Secure it now!
safe,Please let me know if you need more details.
spam,Win a free gift card! Complete our survey.
safe,I'll be reachable via email tomorrow.
spam,Your subscription needs renewal. Act now!
safe,Can you confirm receipt of the file?
spam,Get 30% off your next order. Shop today!
safe,Thanks for your feedback on the plan.
spam,Your account is suspended. Verify now!
safe,I'll send you the meeting details shortly.
spam,Claim your free consultation! Limited spots.
safe,Please review the contract and let me know.
spam,Your device is infected. Scan it now!
safe,Can you share the latest updates?
spam,Win a free tablet! Click here to claim!
safe,Thanks for your quick response today.
spam,Your account needs attention. Click to resolve.
safe,I'll follow up with you next week.
spam,Get free access to our VIP membership. Join now!
safe,Please let me know if you need clarification.
spam,Your payment was rejected. Update it now!
safe,Can you confirm your attendance?
spam,Win big with our sweepstakes! Enter now.
safe,Thanks for your help with the draft.
spam,Your account is at risk. Secure it immediately!
safe,Let me know if you need more information.
spam,Get a free consultation today! Sign up now!
safe,I'll be out of the office but available via email.
spam,Your subscription is expiring. Renew now!
safe,Please share the final draft when ready.
spam,Claim your free vacation today! Click here.
safe,Can you provide feedback on the proposal?
spam,Your account has been flagged. Verify now!
safe,Thanks for your prompt response.
spam,Get 25% off your next purchase. Shop today!
safe,I'll check the details and get back to you.
spam,Your device is at risk. Scan it now!
safe,Please let me know your preferred time.
spam,Win a free gift by completing our survey!
safe,Thanks for your collaboration on this.
spam,Your account is eligible for a discount. Claim it!
safe,I'll send the updated plan by tomorrow.
spam,Act now to save on your subscription! Limited time.
safe,Can you confirm the delivery date?
spam,Your account is suspended. Reactivate it now!
safe,Thanks for your support during the project.
spam,Get a free trial of our service. Sign up today!
safe,Please let me know if you have any questions.
spam,Your payment is overdue. Pay now to continue!
safe,I'll follow up with the team next week.
spam,Win a free cruise! Enter our contest now.
safe,Can you send the revised document?
spam,Your account needs verification. Click here!
safe,Thanks for your feedback on the design.
spam,Get free shipping today! Shop now!
safe,Please confirm your availability for the call.
spam,Your account is eligible for a free upgrade. Act now!
safe,I'll send you the details by the end of the day.
spam,Your subscription is about to lapse. Renew today!
safe,Can you review the agenda before the meeting?
spam,Win a free smart TV! Click to claim!
safe,Thanks for your quick action on this.
spam,Your account is at risk. Verify your details now!
safe,Let me knowższej
spam,You have won $1000! Claim your prize now.
safe,Are we still meeting at 5 PM?
spam,Get cheap loans now! Limited time offer.
safe,Don't forget to bring the documents.
spam,Win a free vacation to the Bahamas! Click here.
safe,Can you send me the report by tomorrow?
spam,Your account has been compromised. Click here to secure it.
safe,Let's catch up for lunch this weekend.
spam,Congratulations! You've been selected for a free gift card.
safe,Please review the attached file and let me know your thoughts.
spam,Act now to claim your exclusive discount on our products.
safe,I'll call you later to discuss the details.
spam,This is your last chance to win a free iPhone. Click now!
safe,The meeting has been rescheduled to 3 PM tomorrow.
spam,You are pre-approved for a $5000 loan. Apply today!
safe,Can you confirm your availability for the meeting?
spam,Exclusive offer! Buy one get one free. Limited time only.
safe,Thanks for your help with the project.
spam,Your subscription is about to expire. Renew now to avoid interruption.
safe,I'll send you the updated document shortly.
spam,Claim your free trial for our premium service today.
safe,Let me know if you have any questions about the proposal.
spam,You have been selected for a free membership. Click here to activate.
safe,Please find the attached invoice for your reference.
spam,Win big prizes by entering our sweepstakes. Don't miss out!
safe,I'll be out of the office tomorrow but reachable via email.
spam,Your credit score has increased. Check your new score now.
safe,Can we reschedule our call to next week?
spam,Get a free consultation with our experts. Sign up today.
safe,Looking forward to our meeting next week.
spam,Your package is delayed. Click here to track it.
safe,Thanks for the quick response. I appreciate it.
spam,You are eligible for a special discount. Claim it now.
safe,I'll review the document and get back to you.
spam,Your account is at risk. Verify your details immediately.
safe,Can you share the presentation slides with me?
spam,Get unlimited access to our premium features. Subscribe now.
safe,I'll let you know once I have more information.
spam,Your payment was declined. Update your payment method now.
safe,Thanks for the update. I'll follow up with the team.
spam,Win a free gift card by completing this short survey.
safe,Please let me know if you need any additional details.
spam,Your device is infected. Click here to remove the virus.
safe,I'll be traveling next week but available via email.
spam,Your loan application has been approved. Apply now.
safe,Can you send me the meeting agenda?
spam,Act now to secure your spot in our exclusive program.
safe,Thanks for your feedback on the draft.
spam,Your account has been locked. Reset your password now.
safe,I'll check with the team and get back to you.
spam,Get free shipping on your next order. Shop now.
safe,Looking forward to hearing from you soon.
spam,Your warranty is about to expire. Renew it today.
safe,Please let me know your availability for the call.
spam,You have been selected for a free trial. Activate it now.
safe,Thanks for your patience while we resolve the issue.
spam,Your account has unusual activity. Verify it now.
safe,I'll send you the final version by the end of the day.
spam,Win a free vacation by entering our contest. Click here.
safe,Can you provide an update on the project status?
spam,Your invoice is overdue. Pay now to avoid penalties.
safe,Thanks for the reminder. I'll take care of it.
spam,Your email storage is almost full. Upgrade now.
safe,I'll be in touch once I have more details.
spam,Your account has been suspended. Reactivate it now.
safe,Please let me know if you need any assistance.
spam,Your order has been shipped. Track it here.
safe,Thanks for your cooperation on this matter.
spam,Your subscription has been canceled. Renew now to continue.
safe,I'll follow up with you next week.
spam,Your account is eligible for a free upgrade. Claim it now.
safe,Can you confirm receipt of the document?
spam,Your payment is due. Pay now to avoid late fees.
safe,Thanks for your input on the report.
spam,Your account has been flagged for suspicious activity. Verify now.
safe,I'll let you know once the task is completed.
spam,Your account balance is low. Add funds now.
safe,Please let me know if you have any concerns.
spam,Your account has been compromised. Secure it now.
safe,I'll send you the details shortly.
spam,Your account is eligible for a cashback offer. Claim it now.
safe,Thanks for your support on this project.
spam,Your account has been deactivated. Reactivate it now.
safe,I'll reach out to you once I have an update.
spam,Your account is eligible for a free trial. Activate it now.
safe,Looking forward to our discussion tomorrow.
spam,Your account has been locked. Reset your password now.
safe,Please let me know if you need any clarification.
spam,Your account is at risk. Verify your details immediately.
spam,Win a free smartwatch! Click here to claim!
safe,Please share the budget details by next week.
spam,Your profile is pending. Activate now!
safe,Thanks for your quick feedback on the plan.
spam,Get a free laptop with your subscription! Sign up today!
safe,Can you confirm the event time for tomorrow?
spam,Your payment is overdue. Click to pay now!
safe,I’ll send the updated slides this afternoon.
spam,Claim your $300 gift card! Limited time deal!
safe,Let me know if you need help with the project.
spam,Your device needs a security scan. Click now!
safe,Thanks for your input during the meeting.
spam,Unlock exclusive deals with your membership! Join now.
safe,Please review the schedule and confirm.
spam,Your account is eligible for a free cruise. Claim it!
safe,I’ll follow up with the details by tomorrow.
spam,Get 40% off your next order! Shop today!
safe,Can you send the latest project report?
spam,Your subscription is at risk. Renew now!
safe,Thanks for your assistance with the task.
spam,Win a free tablet! Click to enter our contest.
safe,Please let me know if the timeline works.
spam,Your account needs verification. Click this link!
safe,Can you share the presentation draft?
spam,Get a free trial of our VIP service! Sign up now.
safe,Thanks for your cooperation on the proposal.
spam,Your payment was rejected. Update it today!
safe,I’ll be available for a call this evening.
spam,Claim your free vacation package! Act now.
safe,Please confirm your attendance for the discussion.
spam,Your account is flagged. Verify immediately!
safe,Thanks for your help with the review.
spam,Get free shipping on all orders! Shop now!
safe,Can you provide an update on the task?
spam,Your device is compromised. Scan it now!
safe,I’ll send the final document by Friday.
spam,Win a $500 gift card! Enter our sweepstakes.
safe,Please let me know if you need more details.
spam,Your account is eligible for a discount. Claim now!
safe,Thanks for your feedback on the mockup.
spam,Act now to win a free iPhone! Limited offer.
safe,Can you confirm the meeting agenda?
spam,Your subscription needs attention. Renew today!
safe,I’ll follow up with the team this week.
spam,Get a free consultation! Sign up now.
safe,Please share the updated budget plan.
spam,Your account is suspended. Click to reactivate!
safe,Thanks for your prompt response today.
spam,Win a free cruise! Click here to enter!
safe,Can you review the contract by tomorrow?
spam,Your payment is pending. Complete it now!
safe,I’ll send the meeting notes shortly.
spam,Claim your free membership! Limited spots.
safe,Please let me know if you need clarification.
spam,Your device needs an update. Click to install!
safe,Can you confirm your availability for next week?
spam,Get exclusive access to our premium service! Join now.
safe,Thanks for your support on the project.
spam,Your account is at risk. Secure it now!
safe,I’ll follow up after reviewing the report.
spam,Win a free gift by completing our survey!
safe,Please share the project timeline with me.
spam,Your account is eligible for a cashback. Claim it!
safe,Thanks for your input on the draft.
spam,Get a free trial of our service! Sign up today!
safe,Can you send the revised slides?
spam,Your payment is due. Pay now to avoid fees!
safe,Please let me know if the schedule is okay.
spam,Your account is compromised. Verify now!
safe,Thanks for your help with the setup.
spam,Claim your $200 gift card! Act fast!
safe,Can you confirm the delivery details?
spam,Your device is infected. Click to scan!
safe,I’ll send the final report this afternoon.
spam,Win a free vacation! Enter our contest now.
safe,Please review the proposal and let me know.
spam,Your account needs attention. Click to resolve!
safe,Thanks for your quick action on this.
spam,Get free shipping today! Shop now!
safe,Can you share the latest updates?
spam,Your subscription is expiring. Renew now!
safe,I’ll be out of office but reachable via email.
spam,Claim your free consultation! Limited offer.
safe,Please confirm receipt of the document.
spam,Your account is locked. Reset your password now!
safe,Thanks for your feedback on the design.
spam,Win a free smart TV! Click to claim!
safe,Can you provide feedback on the plan?
spam,Your payment is overdue. Pay now to continue!
safe,I’ll follow up with you next week.
spam,Get a free trial for our premium plan! Sign up now!
safe,Please let me know if you need more information.
spam,Your account is at risk. Verify your details now!
safe,Can you confirm the meeting time?
spam,Win a free gift card! Complete our survey.
safe,Thanks for your cooperation on the issue.
spam,Your account is eligible for a free upgrade. Claim now!
safe,I’ll send the updated plan by tomorrow.
spam,Get 30% off your next order! Shop today!
safe,Please share the final draft when ready.
spam,Your account is suspended. Verify now!
safe,Thanks for your prompt response.
spam,Claim your free vacation today! Click here.
safe,Can you review the agenda before the meeting?
spam,Your device is at risk. Scan it now!
safe,I’ll send you the details shortly.
spam,Win a free tablet! Click here to claim!
safe,Please let me know if you need assistance.
spam,Your account needs verification. Click here!
safe,Thanks for your help with the draft.
spam,Get free access to our VIP membership! Join now!
safe,Can you confirm your attendance?
spam,Your payment was rejected. Update it now!
safe,I’ll follow up with the team this week.
spam,Win big with our sweepstakes! Enter now!
safe,Please share the project updates with me.
spam,Your account is at risk. Secure it immediately!
safe,Thanks for your input on the report.
spam,Get a free consultation today! Sign up now!
safe,Can you send the revised document?
spam,Your subscription is expiring. Renew now!
safe,Please let me know if you need clarification.
spam,Claim your free vacation package! Act now.
safe,Thanks for your support on the task.
spam,Your account has been flagged. Verify now!
safe,Can you confirm the event details?
spam,Get 25% off your next purchase! Shop today!
safe,I’ll send the final version by tomorrow.
spam,Your device is infected. Scan it now!
safe,Please review the contract and let me know.
spam,Win a free gift by completing our survey!
safe,Thanks for your quick feedback.
spam,Your account is eligible for a discount. Claim it!
safe,Can you share the budget details?
spam,Act now to save on your subscription! Limited time.
safe,I’ll be available for a call tomorrow.
spam,Your account is suspended. Reactivate it now!
safe,Please let me know if the timeline works.
spam,Get a free trial of our service! Sign up today!
safe,Thanks for your cooperation on the project.
spam,Your payment is overdue. Pay now to continue!
safe,Can you confirm receipt of the file?
spam,Win a free cruise! Enter our contest now!
safe,I’ll follow up after reviewing the document.
spam,Your account needs verification. Click here!
safe,Please share the latest project report.
spam,Get free shipping today! Shop now!
safe,Thanks for your help with the presentation.
spam,Your account is eligible for a free upgrade. Act now!
safe,Can you review the schedule by tomorrow?
spam,Your subscription is about to lapse. Renew today!
safe,Please let me know if you need more details.
spam,Win a free smart TV! Click to claim!
safe,Thanks for your prompt response today.
spam,Your account is at risk. Verify your details now!
safe,Can you confirm the meeting location?
spam,Get a free membership today! Limited offer.
safe,I’ll send the updated slides this afternoon.
spam,Your payment is pending. Complete it now!
safe,Please share the project timeline with me.
spam,Claim your $200 gift card! Act fast!
safe,Thanks for your input on the draft.
spam,Your device needs a security update. Click here!
safe,Can you provide feedback on the proposal?
spam,Get exclusive access to our premium plan! Join now!
safe,I’ll follow up with you next week.
spam,Your account is locked. Reset your password now!
safe,Please let me know if you need assistance.
spam,Win a free vacation package! Enter now!
safe,Thanks for your cooperation on the issue.
spam,Your account is eligible for a cashback. Claim it!
safe,Can you confirm your availability for the call?
spam,Get a free trial of our service! Sign up now!
safe,I’ll send the final report by Friday.
spam,Your payment is due. Pay now to avoid fees!
safe,Please review the agenda and let me know.
spam,Your account is at risk. Secure it now!
safe,Thanks for your help with the review.
spam,Win a free gift card! Complete our survey!
safe,Can you share the latest updates?
spam,Your account is eligible for a discount. Claim it!
safe,I’ll be out of office but reachable via email.
spam,Act now to save on your subscription! Limited time.
safe,Please confirm receipt of the document.
spam,Your account is suspended. Reactivate it now!
safe,Thanks for your feedback on the design.
spam,Get a free trial for our premium plan! Sign up now!
safe,Can you send the revised document?
spam,Your account is at risk. Verify your details now!
safe,Please let me know if you need clarification.
spam,Win a free tablet! Click here to claim!
safe,Thanks for your prompt response.
spam,Your account needs attention. Click to resolve!
safe,Can you confirm the meeting time?
spam,Get free access to our VIP membership! Join now!
safe,I’ll send you the details shortly.
spam,Your payment was rejected. Update it now!
safe,Please share the project updates with me.
spam,Win big with our sweepstakes! Enter now!
safe,Thanks for your input on the report.
spam,Your account is at risk. Secure it immediately!
safe,Can you review the contract by tomorrow?
spam,Get a free consultation today! Sign up now!
safe,I’ll follow up with the team this week.
spam,Your subscription is expiring. Renew now!
safe,Please let me know if the schedule is okay.
spam,Claim your free vacation today! Click here.
safe,Thanks for your support on the task.
spam,Your account has been flagged. Verify now!
safe,Can you confirm your attendance?
spam,Get 25% off your next purchase! Shop today!
safe,I’ll send the final version by tomorrow.
spam,Your device is at risk. Scan it now!
safe,Please share the budget details by next week.
spam,Win a free gift by completing our survey!
safe,Thanks for your cooperation on the project.
spam,Your account is eligible for a discount. Claim it!
safe,Can you provide an update on the task?
spam,Act now to save on your subscription! Limited time.
safe,I’ll be available for a call this evening.
spam,Your account is suspended. Reactivate it now!
safe,Please let me know if you need more details.
spam,Get a free trial of our service! Sign up today!
safe,Can you confirm receipt of the file?
spam,Your payment is overdue. Pay now to continue!
safe,I’ll follow up after reviewing the document.
spam,Win a free cruise! Enter our contest now!
safe,Please share the project timeline with me.
spam,Your account needs verification. Click here!
safe,Thanks for your help with the presentation.
spam,Get free shipping today! Shop now!
safe,Can you review the schedule by tomorrow?
spam,Your account is eligible for a free upgrade. Act now!
safe,Please let me know if you need assistance.
spam,Your subscription is about to lapse. Renew today!
safe,Thanks for your feedback on the design.
spam,Win a free smart TV! Click to claim!
safe,Can you send the revised slides?
spam,Your account is at risk. Verify your details now!
safe,I’ll send the updated plan by tomorrow.
spam,Get a free membership today! Limited offer.
safe,Please confirm the meeting agenda?
spam,Your payment is pending. Complete it now!
safe,Thanks for your prompt response today.
spam,Claim your $200 gift card! Act fast!
safe,Can you share the latest updates?
spam,Your device needs a security update. Click here!
safe,I’ll follow up with you next week.
spam,Get exclusive access to our premium plan! Join now!
safe,Please let me know if you need clarification.
spam,Your account is locked. Reset your password now!
safe,Can you confirm your availability for the call?
spam,Win a free vacation package! Enter now!
safe,Thanks for your cooperation on the issue.
spam,Your account is eligible for a cashback. Claim it!
safe,Can you provide feedback on the proposal?
spam,Get a free trial of our service! Sign up now!
safe,I’ll send the final report by Friday.
spam,Your payment is due. Pay now to avoid fees!
safe,Please review the agenda and let me know.
spam,Your account is at risk. Secure it now!
safe,Thanks for your help with the review.
spam,Win a free gift card! Complete our survey!
safe,Can you confirm the meeting time?
spam,Your account is eligible for a discount. Claim it!
safe,I’ll be out of office but reachable via email.
spam,Act now to save on your subscription! Limited time.
safe,Please confirm receipt of the document.
spam,Your account is suspended. Reactivate it now!
safe,Thanks for your feedback on the design.
spam,Get a free trial for our premium plan! Sign up today!
safe,Can you send the revised document?
spam,Your account is at risk. Verify your details now!
safe,Please let me know if you need clarification.
spam,Win a free tablet! Click here to claim!
safe,Thanks for your prompt response.
spam,Your account needs attention. Click to resolve!
safe,Can you confirm the meeting time?
spam,Get free access to our VIP membership! Join now!
safe,I’ll send you the details shortly.
spam,Your payment was rejected. Update it now!
safe,Please share the project updates with me.
spam,Win big with our sweepstakes! Enter now!
safe,Thanks for your input on the report.
spam,Your account is at risk. Secure it immediately!
safe,Can you review the contract by tomorrow?
spam,Get a free consultation today! Sign up now!
safe,I’ll follow up with the team this week.
spam,Your subscription is expiring. Renew now!
safe,Please let me know if the schedule is okay.
spam,Claim your free vacation today! Click here.
safe,Thanks for your support on the task.
spam,Your account has been flagged. Verify now!
safe,Can you confirm your attendance?
spam,Get 25% off your next purchase! Shop today!
safe,I’ll send the final version by tomorrow.
spam,Your device is at risk. Scan it now!
safe,Please share the budget details by next week.
spam,Win a free gift by completing our survey!
safe,Thanks for your cooperation on the project.
spam,Your account is eligible for a discount. Claim it!
safe,Can you provide an update on the task?
spam,Act now to save on your subscription! Limited time.
safe,I’ll be available for a call this evening.
spam,Your account is suspended. Reactivate it now!
safe,Please let me know if you need more details.
spam,Get a free trial of our service! Sign up today!
safe,Can you confirm receipt of the file?
spam,Your payment is overdue. Pay now to continue!
safe,I’ll follow up after reviewing the document.
spam,Win a free cruise! Enter our contest now!
safe,Please share the project timeline with me.
spam,Your account needs verification. Click here!
safe,Thanks for your help with the presentation.
spam,Get free shipping today! Shop now!
safe,Can you review the schedule by tomorrow?
spam,Your account is eligible for a free upgrade. Act now!
safe,Please let me know if you need assistance.
spam,Your subscription is about to lapse. Renew today!
safe,Thanks for your feedback on the design.
spam,Win a free smart TV! Click to claim!
safe,Can you send the revised slides?
spam,Your account is at risk. Verify your details now!
safe,I’ll send the updated plan by tomorrow.
spam,Get a free membership today! Limited offer.
safe,Please confirm the meeting agenda?
spam,Your payment is pending. Complete it now!
safe,Thanks for your prompt response today.
spam,Claim your $200 gift card! Act fast!
safe,Can you share the latest updates?
spam,Your device needs a security update. Click here!
safe,I’ll follow up with you next week.
spam,Get exclusive access to our premium plan! Join now!
safe,Please let me know if you need clarification.
spam,Your account is locked. Reset your password now!
safe,Can you confirm your availability for the call?
spam,Win a free vacation package! Enter now!
safe,Thanks for your cooperation on the issue.
spam,Your account is eligible for a cashback. Claim it!
safe,Can you provide feedback on the proposal?
spam,Get a free trial of our service! Sign up now!
safe,I’ll send the final report by Friday.
spam,Your payment is due. Pay now to avoid fees!
safe,Please review the agenda and let me know.
spam,Your account is at risk. Secure it now!
safe,Thanks for your help with the review.
spam,Win a free gift card! Complete our survey!
safe,Can you confirm the meeting time?
spam,Your account is eligible for a discount. Claim it!
safe,I’ll be out of office but reachable via email.
spam,Act now to save on your subscription! Limited time.
safe,Please confirm receipt of the document.
spam,Your account is suspended. Reactivate it now!
safe,Thanks for your feedback on the design.
spam,Get a free trial for our premium plan! Sign up today!
safe,Can you send the revised document?
spam,Your account is at risk. Verify your details now!
safe,Please let me know if you need clarification.
spam,Win a free tablet! Click here to claim!
safe,Thanks for your prompt response.
spam,Your account needs attention. Click to resolve!
safe,Can you confirm the meeting time?
spam,Get free access to our VIP membership! Join now!
safe,I’ll send you the details shortly.
spam,Your payment was rejected. Update it now!
safe,Please share the project updates with me.
spam,Win big with our sweepstakes! Enter now!
safe,Thanks for your input on the report.
spam,Your account is at risk. Secure it immediately!
safe,Can you review the contract by tomorrow?
spam,Get a free consultation today! Sign up now!
safe,I’ll follow up with the team this week.
spam,Your subscription is expiring. Renew now!
safe,Please let me know if the schedule is okay.
spam,Claim your free vacation today! Click here.
safe,Thanks for your support on the task.
spam,Your account has been flagged. Verify now!
safe,Can you confirm your attendance?
spam,Get 25% off your next purchase! Shop today!
safe,I’ll send the final version by tomorrow.
spam,Your device is at risk. Scan it now!
safe,Please share the budget details by next week.
spam,Win a free gift by completing our survey!
safe,Thanks for your cooperation on the project.
spam,Your account is eligible for a discount. Claim it!
safe,Can you provide an update on the task?
spam,Act now to save on your subscription! Limited time.
safe,I’ll be available for a call this evening.
spam,Your account is suspended. Reactivate it now!
safe,Please let me know if you need more details.
spam,Get a free trial of our service! Sign up today!
safe,Can you confirm receipt of the file?
spam,Your payment is overdue. Pay now to continue!
safe,I’ll follow up after reviewing the document.
spam,Win a free cruise! Enter our contest now!
safe,Please share the project timeline with me.
spam,Your account needs verification. Click here!
safe,Thanks for your help with the presentation.
spam,Get free shipping today! Shop now!
safe,Can you review the schedule by tomorrow?
spam,Your account is eligible for a free upgrade. Act now!
safe,Please let me know if you need assistance.
spam,Your subscription is about to lapse. Renew today!
safe,Thanks for your feedback on the design.
spam,Win a free smart TV! Click to claim!
safe,Can you send the revised slides?
spam,Your account is at risk. Verify your details now!
safe,I’ll send the updated plan by tomorrow.
spam,Get a free membership today! Limited offer.
safe,Please confirm the meeting agenda?
spam,Your payment is pending. Complete it now!
safe,Thanks for your prompt response today.
spam,Claim your $200 gift card! Act fast!
safe,Can you share the latest updates?
spam,Your device needs a security update. Click here!
safe,I’ll follow up with you next week.
spam,Get exclusive access to our premium plan! Join now!
safe,Please let me know if you need clarification.
spam,Your account is locked. Reset your password now!
safe,Can you confirm your availability for the call?
spam,Win a free vacation package! Enter now!
safe,Thanks for your cooperation on the issue.
spam,Your account is eligible for a cashback. Claim it!
safe,Can you provide feedback on the proposal?
spam,Get a free trial of our service! Sign up now!
safe,I’ll send the final report by Friday.
spam,Your payment is due. Pay now to avoid fees!
safe,Please review the agenda and let me know.
spam,Your account is at risk. Secure it now!
safe,Thanks for your help with the review.
spam,Win a free gift card! Complete our survey!
safe,Can you confirm the meeting time?
spam,Your account is eligible for a discount. Claim it!
safe,I’ll be out of office but reachable via email.
spam,Act now to save on your subscription! Limited time.
safe,Please confirm receipt of the document.
spam,Your account is suspended. Reactivate it now!
safe,Thanks for your feedback on the design.
spam,Get a free trial for our premium plan! Sign up today!
safe,Can you send the revised document?
spam,Your account is at risk. Verify your details now!
safe,Please let me know if you need clarification.
spam,Win a free tablet! Click here to claim!
safe,Thanks for your prompt response.
spam,Your account needs attention. Click to resolve!
safe,Can you confirm the meeting time?
spam,Get free access to our VIP membership! Join now!
safe,I’ll send you the details shortly.
spam,Your payment was rejected. Update it now!
safe,Please share the project updates with me.
spam,Win big with our sweepstakes! Enter now!
safe,Thanks for your input on the report.
spam,Your account is at risk. Secure it immediately!
safe,Can you review the contract by tomorrow?
spam,Get a free consultation today! Sign up now!
safe,I’ll follow up with the team this week.
spam,Your subscription is expiring. Renew now!
safe,Please let me know if the schedule is okay.
spam,Claim your free vacation today! Click here.
safe,Thanks for your support on the task.
spam,Your account has been flagged. Verify now!
safe,Can you confirm your attendance?
spam,Get 25% off your next purchase! Shop today!
safe,I’ll send the final version by tomorrow.
spam,Your device is at risk. Scan it now!
safe,Please share the budget details by next week.
spam,Win a free gift by completing our survey!
safe,Thanks for your cooperation on the project.
spam,Your account is eligible for a discount. Claim it!
safe,Can you provide an update on the task?
spam,Act now to save on your subscription! Limited time.
safe,I’ll be available for a call this evening.
spam,Your account is suspended. Reactivate it now!
safe,Please let me know if you need more details.
spam,Get a free trial of our service! Sign up today!
safe,Can you confirm receipt of the file?
spam,Your payment is overdue. Pay now to continue!
safe,I’ll follow up after reviewing the document.
spam,Win a free cruise! Enter our contest now!
safe,Please share the project timeline with me.
spam,Your account needs verification. Click here!
safe,Thanks for your help with the presentation.
spam,Get free shipping today! Shop now!
safe,Can you review the schedule by tomorrow?
spam,Your account is eligible for a free upgrade. Act now!
safe,Please let me know if you need assistance.
spam,Your subscription is about to lapse. Renew today!
safe,Thanks for your feedback on the design.
spam,Win a free smart TV! Click to claim!
safe,Can you send the revised slides?
spam,Your account is at risk. Verify your details now!
safe,I’ll send the updated plan by tomorrow.
spam,Get a free membership today! Limited offer.
safe,Please confirm the meeting agenda?
spam,Your payment is pending. Complete it now!
safe,Thanks for your prompt response today.
spam,Claim your $200 gift card! Act fast!
safe,Can you share the latest updates?
spam,Your device needs a security update. Click here!
safe,I’ll follow up with you next week.
spam,Get exclusive access to our premium plan! Join now!
safe,Please let me know if you need clarification.
spam,Your account is locked. Reset your password now!
safe,Can you confirm your availability for the call?
spam,Win a free vacation package! Enter now!
safe,Thanks for your cooperation on the issue.
spam,Your account is eligible for a cashback. Claim it!
safe,Can you provide feedback on the proposal?
spam,Get a free trial of our service! Sign up now!
safe,I’ll send the final report by Friday.
spam,Your payment is due. Pay now to avoid fees!
safe,Please review the agenda and let me know.
spam,Your account is at risk. Secure it now!
safe,Thanks for your help with the review.
spam,Win a free gift card! Complete our survey!
safe,Can you confirm the meeting time?
spam,Your account is eligible for a discount. Claim it!
safe,I’ll be out of office but reachable via email.
spam,Act now to save on your subscription! Limited time.
safe,Please confirm receipt of the document.
spam,Your account is suspended. Reactivate it now!
safe,Thanks for your feedback on the design.
spam,Get a free trial for our premium plan! Sign up today!
safe,Can you send the revised document?
spam,Your account is at risk. Verify your details now!
safe,Please let me know if you need clarification.
spam,Win a free tablet! Click here to claim!
safe,Thanks for your prompt response.
spam,Your account needs attention. Click to resolve!
safe,Can you confirm the meeting time?
spam,Get free access to our VIP membership! Join now!
safe,I’ll send you the details shortly.
spam,Your payment was rejected. Update it now!
safe,Please share the project updates with me.
spam,Win big with our sweepstakes! Enter now!
safe,Thanks for your input on the report.
spam,Your account is at risk. Secure it immediately!
safe,Can you review the contract by tomorrow?
spam,Get a free consultation today! Sign up now!
safe,I’ll follow up with the team this week.
spam,Your subscription is expiring. Renew now!
safe,Please let me know if the schedule is okay.
spam,Claim your free vacation today! Click here.
safe,Thanks for your support on the task.
spam,Your account has been flagged. Verify now!
safe,Can you confirm your attendance?
spam,Get 25% off your next purchase! Shop today!
safe,I’ll send the final version by tomorrow.
spam,Your device is at risk. Scan it now!
safe,Please share the budget details by next week.
spam,Win a free gift by completing our survey!
safe,Thanks for your cooperation on the project.
spam,Your account is eligible for a discount. Claim it!
safe,Can you provide an update on the task?
spam,Act now to save on your subscription! Limited time.
safe,I’ll be available for a call this evening.
spam,Your account is suspended. Reactivate it now!
safe,Please let me know if you need more details.
spam,Get a free trial of our service! Sign up today!
safe,Can you confirm receipt of the file?
spam,Your payment is overdue. Pay now to continue!
safe,I’ll follow up after reviewing the document.
spam,Win a free cruise! Enter our contest now!
safe,Please share the project timeline with me.
spam,Your account needs verification. Click here!
safe,Thanks for your help with the presentation.
spam,Get free shipping today! Shop now!
safe,Can you review the schedule by tomorrow?
spam,Your account is eligible for a free upgrade. Act now!
safe,Please let me know if you need assistance.
spam,Your subscription is about to lapse. Renew today!
safe,Thanks for your feedback on the design.
spam,Win a free smart TV! Click to claim!
safe,Can you send the revised slides?
spam,Your account is at risk. Verify your details now!
safe,I’ll send the updated plan by tomorrow.
spam,Get a free membership today! Limited offer.
safe,Please confirm the meeting agenda?
spam,Your payment is pending. Complete it now!
safe,Thanks for your prompt response today.
spam,Claim your $200 gift card! Act fast!
safe,Can you share the latest updates?
spam,Your device needs a security update. Click here!
safe,I’ll follow up with you next week.
spam,Get exclusive access to our premium plan! Join now!
safe,Please let me know if you need clarification.
spam,Your account is locked. Reset your password now!
safe,Can you confirm your availability for the call?
spam,Win a free vacation package! Enter now!
safe,Thanks for your cooperation on the issue.
spam,Your account is eligible for a cashback. Claim it!
safe,Can you provide feedback on the proposal?
spam,Get a free trial of our service! Sign up now!
safe,I’ll send the final report by Friday.
spam,Your payment is due. Pay now to avoid fees!
safe,Please review the agenda and let me know.
spam,Your account is at risk. Secure it now!
safe,Thanks for your help with the review.
spam,Win a free gift card! Complete our survey!
safe,Can you confirm the meeting time?
spam,Your account is eligible for a discount. Claim it!
safe,I’ll be out of office but reachable via email.
spam,Act now to save on your subscription! Limited time.
safe,Please confirm receipt of the document.
spam,Your account is suspended. Reactivate it now!
safe,Thanks for your feedback on the design.
spam,Get a free trial for our premium plan! Sign up today!
safe,Can you send the revised document?
spam,Your account is at risk. Verify your details now!
safe,Please let me know if you need clarification.
spam,Win a free tablet! Click here to claim!
safe,Thanks for your prompt response.
spam,Your account needs attention. Click to resolve!
safe,Can you confirm the meeting time?
spam,Get free access to our VIP membership! Join now!
safe,I’ll send you the details shortly.
spam,Your payment was rejected. Update it now!
safe,Please share the project updates with me.
spam,Win big with our sweepstakes! Enter now!
safe,Thanks for your input on the report.
spam,Your account is at risk. Secure it immediately!
safe,Can you review the contract by tomorrow?
spam,Get a free consultation today! Sign up now!
safe,I’ll follow up with the team this week.
spam,Your subscription is expiring. Renew now!
safe,Please let me know if the schedule is okay.
spam,Claim your free vacation today! Click here.
safe,Thanks for your support on the task.
spam,Your account has been flagged. Verify now!
safe,Can you confirm your attendance?
spam,Get  koch25% off your next purchase! Shop today!
safe,I’ll send the final version by tomorrow.
spam,Your device is at risk. Scan it now!
safe,Please share the budget details by next week.
spam,Win a free gift by completing our survey!
safe,Thanks for your cooperation on the project.
spam,Your account is eligible for a discount. Claim it!
safe,Can you provide an update on the task?
spam,Act now to save on your subscription! Limited time.
safe,I’ll be available for a call this evening.
spam,Your account is suspended. Reactivate it now!
safe,Please let me know if you need more details.
spam,Get a free trial of our service! Sign up today!
safe,Can you confirm receipt of the file?
spam,Your payment is overdue. Pay now to continue!
safe,I’ll follow up after reviewing the document.
spam,Win a free cruise! Enter our contest now!
safe,Please share the project timeline with me.
spam,Your account needs verification. Click here!
safe,Thanks for your help with the presentation.
spam,Get free shipping today! Shop now!
safe,Can you review the schedule by tomorrow?
spam,Your account is eligible for a free upgrade. Act now!
safe,Please let me know if you need assistance.
spam,Your subscription is about to lapse. Renew today!
safe,Thanks for your feedback on the design.
spam,Win a free smart TV! Click to claim!
safe,Can you send the revised slides?
spam,Your account is at risk. Verify your details now!
safe,I’ll send the updated plan by tomorrow.
spam,Get a free membership today! Limited offer.
safe,Please confirm the meeting agenda?
spam,Your payment is pending. Complete it now!
safe,Thanks for your prompt response today.
spam,Claim your $200 gift card! Act fast!
safe,Can you share the latest updates?
spam,Your device needs a security update. Click here!
safe,I’ll follow up with you next week.
spam,Get exclusive access to our premium plan! Join now!
safe,Please let me know if you need clarification.
spam,Your account is locked. Reset your password now!
safe,Can you confirm your availability for the call?
spam,Win a free vacation package! Enter now!
safe,Thanks for your cooperation on the issue.
spam,Your account is eligible for a cashback. Claim it!
safe,Can you provide feedback on the proposal?
spam,Get a free trial of our service! Sign up now!
safe,I’ll send the final report by Friday.
spam,Your payment is due. Pay now to avoid fees!
safe,Please review the agenda and let me know.
spam,Your account is at risk. Secure it now!
safe,Thanks for your help with the review.
spam,Win a free gift card! Complete our survey!
safe,Can you confirm the meeting time?
spam,Your account is eligible for a discount. Claim it!
safe,I’ll be out of office but reachable via email.
spam,Act now to save on your subscription! Limited time.
safe,Please confirm receipt of the document.
spam,Your account is suspended. Reactivate it now!
safe,Thanks for your feedback on the design.
spam,Get a free trial for our premium plan! Sign up today!
safe,Can you send the revised document?
spam,Your account is at risk. Verify your details now!
safe,Please let me know if you need clarification.
spam,Win a free tablet! Click here to claim!
safe,Thanks for your prompt response.
spam,Your account needs attention. Click to resolve!
safe,Can you confirm the meeting time?
spam,Get free access to our VIP membership! Join now!
safe,I’ll send you the details shortly.
spam,Your payment was rejected. Update it now!
safe,Please share the project updates with me.
spam,Win big with our sweepstakes! Enter now!
safe,Thanks for your input on the report.
spam,Your account is at risk. Secure it immediately!
safe,Can you review the contract by tomorrow?
spam,Get a free consultation today! Sign up now!
safe,I’ll follow up with the team this week.
spam,Your subscription is expiring. Renew now!
safe,Please let me know if the schedule is okay.
spam,Claim your free vacation today! Click here.
safe,Thanks for your support on the task.
spam,Your account has been flagged. Verify now!
safe,Can you confirm your attendance?
spam,Get 25% off your next purchase! Shop today!
safe,I’ll send the final version by tomorrow.
spam,Your device is at risk. Scan it now!
safe,Please share the budget details by next week.
spam,Win a free gift by completing our survey!
safe,Thanks for your cooperation on the project.
spam,Your account is eligible for a discount. Claim it!
safe,Can you provide an update on the task?
spam,Act now to save on your subscription! Limited time.
safe,I’ll be available for a call this evening.
spam,Your account is suspended. Reactivate it now!
safe,Please let me know if you need more details.
spam,Get a free trial of our service! Sign up today!
safe,Can you confirm receipt of the file?
spam,Your payment is overdue. Pay now to continue!
safe,I’ll follow up after reviewing the document.
spam,Win a free cruise! Enter our contest now!
safe,Please share the project timeline with me.
spam,Your account needs verification. Click here!
safe,Thanks for your help with the presentation.
spam,Get free shipping today! Shop now!
safe,Can you review the schedule by tomorrow?
spam,Your account is eligible for a free upgrade. Act now!
safe,Please let me know if you need assistance.
spam,Your subscription is about to lapse. Renew today!
safe,Thanks for your feedback on the design.
spam,Win a free smart TV! Click to claim!
safe,Can you send the revised slides?
spam,Your account is at risk. Verify your details now!
safe,I’ll send the updated plan by tomorrow.
spam,Get a free membership today! Limited offer.
safe,Please confirm the meeting agenda?
spam,Your payment is pending. Complete it now!
safe,Thanks for your prompt response today.
spam,Claim your $200 gift card! Act fast!
safe,Can you share the latest updates?
spam,Your device needs a security update. Click here!
safe,I’ll follow up with you next week.
spam,Get exclusive access to our premium plan! Join now!
safe,Please let me know if you need clarification.
spam,Your account is locked. Reset your password now!
safe,Can you confirm your availability for the call?
spam,Win a free vacation package! Enter now!
safe,Thanks for your cooperation on the issue.
spam,Your account is eligible for a cashback. Claim it!
safe,Can you provide feedback on the proposal?
spam,Get a free trial of our service! Sign up now!
safe,I’ll send the final report by Friday.
spam,Your payment is due. Pay now to avoid fees!
safe,Please review the agenda and let me know.
spam,Your account is at risk. Secure it now!
safe,Thanks for your help with the review.
spam,Win a free gift card! Complete our survey!
safe,Can you confirm the meeting time?
spam,Your account is eligible for a discount. Claim it!
safe,I’ll be out of office but reachable via email.
spam,Act now to save on your subscription! Limited time.
safe,Please confirm receipt of the document.
spam,Your account is suspended. Reactivate it now!
safe,Thanks for your feedback on the design.
spam,Get a free trial for our premium plan! Sign up today!
safe,Can you send the revised document?
spam,Your account is at risk. Verify your details now!
safe,Please let me know if you need clarification.
spam,Win a free tablet! Click here to claim!
safe,Thanks for your prompt response.
spam,Your account needs attention. Click to resolve!
safe,Can you confirm the meeting time?
spam,Get free access to our VIP membership! Join now!
safe,I’ll send you the details shortly.
spam,Your payment was rejected. Update it now!
safe,Please share the project updates with me.
spam,Win big with our sweepstakes! Enter now!
safe,Thanks for your input on the report.
spam,Your account is at risk. Secure it immediately!
safe,Can you review the contract by tomorrow?
spam,Get a free consultation today! Sign up now!
safe,I’ll follow up with the team this week.
spam,Your subscription is expiring. Renew now!
safe,Please let me know if the schedule is okay.
spam,Claim your free vacation today! Click here.
safe,Thanks for your support on the task.
spam,Your account has been flagged. Verify now!
safe,Can you confirm your attendance?
spam,Get 25% off your next purchase! Shop today!
safe,I’ll send the final version by tomorrow.
spam,Your device is at risk. Scan it now!
safe,Please share the budget details by next week.
spam,Win a free gift by completing our survey!
safe,Thanks for your cooperation on the project.
spam,Your account is eligible for a discount. Claim it!
safe,Can you provide an update on the task?
spam,Act now to save on your subscription! Limited time.
safe,I’ll be available for a call this evening.
spam,Your account is suspended. Reactivate it now!
safe,Please let me know if you need more details.
spam,Get a free trial of our service! Sign up today!
safe,Can you confirm receipt of the file?
spam,Your payment is overdue. Pay now to continue!
safe,I’ll follow up after reviewing the document.
spam,Win a free cruise! Enter our contest now!
safe,Please share the project timeline with me.
spam,Your account needs verification. Click here!
safe,Thanks for your help with the presentation.
spam,Get free shipping today! Shop now!
safe,Can you review the schedule by tomorrow?
spam,Your account is eligible for a free upgrade. Act now!
safe,Please let me know if you need assistance.
spam,Your subscription is about to lapse. Renew today!
safe,Thanks for your feedback on the design.
spam,Win a free smart TV! Click to claim!
safe,Can you send the revised slides?
spam,Your account is at risk. Verify your details now!
safe,I’ll send the updated plan by tomorrow.
spam,Get a free membership today! Limited offer.
safe,Please confirm the meeting agenda?
spam,Your payment is pending. Complete it now!
safe,Thanks for your prompt response today.
spam,Claim your $200 gift card! Act fast!
safe,Can you share the latest updates?
spam,Your device needs a security update. Click here!
safe,I’ll follow up with you next week.
spam,Get exclusive access to our premium plan! Join now!
safe,Please let me know if you need clarification.
spam,Your account is locked. Reset your password now!
safe,Can you confirm your availability for the call?
spam,Win a free vacation package! Enter now!
safe,Thanks for your cooperation on the issue.
spam,Your account is eligible for a cashback. Claim it!
safe,Can you provide feedback on the proposal?
spam,Get a free trial of our service! Sign up now!
safe,I’ll send the final report by Friday.
spam,Your payment is due. Pay now to avoid fees!
safe,Please review the agenda and let me know.
spam,Your account is at risk. Secure it now!
safe,Thanks for your help with the review.
spam,Win a free gift card! Complete our survey!
safe,Can you confirm the meeting time?
spam,Your account is eligible for a discount. Claim it!
safe,I’ll be out of office but reachable via email.
spam,Act now to save on your subscription! Limited time.
safe,Please confirm receipt of the document.
spam,Your account is suspended. Reactivate it now!
safe,Thanks for your feedback on the design.
spam,Get a free trial for our premium plan! Sign up today!
safe,Can you send the revised document?
spam,Your account is at risk. Verify your details now!
safe,Please let me know if you need clarification.
spam,Win a free tablet! Click here to claim!
safe,Thanks for your prompt response.
spam,Your account needs attention. Click to resolve!
safe,Can you confirm the meeting time?
spam,Get free access to our VIP membership! Join now!
safe,I’ll send you the details shortly.
spam,Your payment was rejected. Update it now!
safe,Please share the project updates with me.
spam,Win big with our sweepstakes! Enter now!
safe,Thanks for your input on the report.
spam,Your account is at risk. Secure it immediately!
safe,Can you review the contract by tomorrow?
spam,Get a free consultation today! Sign up now!
safe,I’ll follow up with the team this week.
spam,Your subscription is expiring. Renew now!
safe,Please let me know if the schedule is okay.
spam,Claim your free vacation today! Click here.
safe,Thanks for your support on the task.
spam,Your account has been flagged. Verify now!
safe,Can you confirm your attendance?
spam,Get 25% off your next purchase! Shop today!
safe,I’ll send the final version by tomorrow.
spam,Your device is at risk. Scan it now!
safe,Please share the budget details by next week.
spam,Win a free gift by completing our survey!
safe,Thanks for your cooperation on the project.
spam,Your account is eligible for a discount. Claim it!
safe,Can you provide an update on the task?
spam,Act now to save on your subscription! Limited time.
safe,I’ll be available for a call this evening.
spam,Your account is suspended. Reactivate it now!
safe,Please let me know if you need more details.
spam,Get a free trial of our service! Sign up today!
safe,Can you confirm receipt of the file?
spam,Your payment is overdue. Pay now to continue!
safe,I’ll follow up after reviewing the document.
spam,Win a free cruise! Enter our contest now!
safe,Please share the project timeline with me.
spam,Your account needs verification. Click here!
safe,Thanks for your help with the presentation.
spam,Get free shipping today! Shop now!
safe,Can you review the schedule by tomorrow?
spam,Your account is eligible for a free upgrade. Act now!
safe,Please let me know if you need assistance.
spam,Your subscription is about to lapse. Renew today!
safe,Thanks for your feedback on the design.
spam,Win a free smart TV! Click to claim!
safe,Can you send the revised slides?
spam,Your account is at risk. Verify your details now!
safe,I’ll send the updated plan by tomorrow.
spam,Get a free membership today! Limited offer.
safe,Please confirm the meeting agenda?
spam,Your payment is pending. Complete it now!
safe,Thanks for your prompt response today.
spam,Claim your $200 gift card! Act fast!
safe,Can you share the latest updates?
spam,Your device needs a security update. Click here!
safe,I’ll follow up with you next week.
spam,Get exclusive access to our premium plan! Join now!
safe,Please let me know if you need clarification.
spam,Your account is locked. Reset your password now!
safe,Can you confirm your availability for the call?
spam,Win a free vacation package! Enter now!
safe,Thanks for your cooperation on the issue.
spam,Your account is eligible for a cashback. Claim it!
safe,Can you provide feedback on the proposal?
spam,Get a free trial of our service! Sign up now!
safe,I’ll send the final report by Friday.
spam,Your payment is due. Pay now to avoid fees!
safe,Please review the agenda and let me know.
spam,Your account is at risk. Secure it now!
safe,Thanks for your help with the review.
spam,Win a free gift card! Complete our survey!
safe,Can you confirm the meeting time?
spam,Your account is eligible for a discount. Claim it!
safe,I’ll be out of office but reachable via email.
spam,Act now to save on your subscription! Limited time.
safe,Please confirm receipt of the document.
spam,Your account is suspended. Reactivate it now!
safe,Thanks for your feedback on the design.
spam,Get a free trial for our premium plan! Sign up today!
safe,Can you send the revised document?
spam,Your account is at risk. Verify your details now!
safe,Please let me know if you need clarification.
spam,Win a free tablet! Click here to claim!
safe,Thanks for your prompt response.
spam,Your account needs attention. Click to resolve!
safe,Can you confirm the meeting time?
spam,Get free access to our VIP membership! Join now!
safe,I’ll send you the details shortly.
spam,Your payment was rejected. Update it now!
safe,Please share the project updates with me.
spam,Win big with our sweepstakes! Enter now!
safe,Thanks for your input on the report.
spam,Your account is at risk. Secure it immediately!
safe,Can you review the contract by tomorrow?
spam,Get a free consultation today! Sign up now!
safe,I’ll follow up with the team this week.
spam,Your subscription is expiring. Renew now!
safe,Please let me know if the schedule is okay.
spam,Claim your free vacation today! Click here.
safe,Thanks for your support on the task.
spam,Your account has been flagged. Verify now!
safe,Can you confirm your attendance?
spam,Get 25% off your next purchase! Shop today!
safe,I’ll send the final version by tomorrow.
spam,Your device is at risk. Scan it now!
safe,Please share the budget details by next week.
spam,Win a free gift by completing our survey!
safe,Thanks for your cooperation on the project.
spam,Your account is eligible for a discount. Claim it!
safe,Can you provide an update on the task?
spam,Act now to save on your subscription! Limited time.
safe,I’ll be available for a call this evening.
spam,Your account is suspended. Reactivate it now!
safe,Please let me know if you need more details.
spam,Get a free trial of our service! Sign up today!
safe,Can you confirm receipt of the file?
spam,Your payment is overdue. Pay now to continue!
safe,I’ll follow up after reviewing the document.
spam,Win a free cruise! Enter our contest now!
safe,Please share the project timeline with me.
spam,Your account needs verification. Click here!
safe,Thanks for your help with the presentation.
spam,Get free shipping today! Shop now!
safe,Can you review the schedule by tomorrow?
spam,Your account is eligible for a free upgrade. Act now!
safe,Please let me know if you need assistance.
spam,Your subscription is about to lapse. Renew today!
safe,Thanks for your feedback on the design.
spam,Win a free smart TV! Click to claim!
safe,Can you send the revised slides?
spam,Your account is at risk. Verify your details now!
safe,I’ll send the updated plan by tomorrow.
spam,Get a free membership today! Limited offer.
safe,Please confirm the meeting agenda?
spam,Your payment is pending. Complete it now!
safe,Thanks for your prompt response today.
spam,Claim your $200 gift card! Act fast!
safe,Can you share the latest updates?
spam,Your device needs a security update. Click here!
safe,I’ll follow up with you next week.
spam,Get exclusive access to our premium plan! Join now!
safe,Please let me know if you need clarification.
spam,Your account is locked. Reset your password now!
safe,Can you confirm your availability for the call?
spam,Win a free vacation package! Enter now!
safe,Thanks for your cooperation on the issue.
spam,Your account is eligible for a cashback. Claim it!
safe,Can you provide feedback on the proposal?
spam,Get a free trial of our service! Sign up now!
safe,I’ll send the final report by Friday.
spam,Your payment is due. Pay now to avoid fees!
safe,Please review the agenda and let me know.
spam,Your account is at risk. Secure it now!
safe,Thanks for your help with the review.
spam,Win a free gift card! Complete our survey!
safe,Can you confirm the meeting time?
spam,Your account is eligible for a discount. Claim it!
safe,I’ll be out of office but reachable via email.
spam,Act now to save on your subscription! Limited time.
safe,Please confirm receipt of the document.
spam,Your account is suspended. Reactivate it now!
safe,Thanks for your feedback on the design.
spam,Get a free trial for our premium plan! Sign up today!
safe,Can you send the revised document?
spam,Your account is at risk. Verify your details now!
safe,Please let me know if you need clarification.
spam,Win a free tablet! Click here to claim!
safe,Thanks for your prompt response.
spam,Your account needs attention. Click to resolve!
safe,Can you confirm the meeting time?
spam,Get free access to our VIP membership! Join now!
safe,I’ll send you the details shortly.
spam,Your payment was rejected. Update it now!
safe,Please share the project updates with me.
spam,Win big with our sweepstakes! Enter now!
safe,Thanks for your input on the report.
spam,Your account is at risk. Secure it immediately!
safe,Can you review the contract by tomorrow?
spam,Get a free consultation today! Sign up now!
safe,I’ll follow up with the team this week.
spam,Your subscription is expiring. Renew now!
safe,Please let me know if the schedule is okay.
spam,Claim your free vacation today! Click here.
safe,Thanks for your support on the task.
spam,Your account has been flagged. Verify now!
safe,Can you confirm your attendance?
spam,Get 25% off your next purchase! Shop today!
safe,I’ll send the final version by tomorrow.
spam,Your device is at risk. Scan it now!
safe,Please share the budget details by next week.
spam,Win a free gift by completing our survey!
safe,Thanks for your cooperation on the project.
spam,Your account is eligible for a discount. Claim it!
safe,Can you provide an update on the task?
spam,Act now to save on your subscription! Limited time.
safe,I’ll be available for a call this evening.
spam,Your account is suspended. Reactivate it now!
safe,Please let me know if you need more details.
spam,Get a free trial of our service! Sign up today!
safe,Can you confirm receipt of the file?
spam,Your payment is overdue. Pay now to continue!
safe,I’ll follow up after reviewing the document.
spam,Win a free cruise! Enter our contest now!
safe,Please share the project timeline with me.
spam,Your account needs verification. Click here!
safe,Thanks for your help with the presentation.
spam,Get free shipping today! Shop now!
safe,Can you review the schedule by tomorrow?
spam,Your account is eligible for a free upgrade. Act now!
safe,Please let me know if you need assistance.
spam,Your subscription is about to lapse. Renew today!
safe,Thanks for your feedback on the design.
spam,Win a free smart TV! Click to claim!
safe,Can you send the revised slides?
spam,Your account is at risk. Verify your details now!
safe,I’ll send the updated plan by tomorrow.
spam,Get a free membership today! Limited offer.
safe,Please confirm the meeting agenda?
spam,Your payment is pending. Complete it now!
safe,Thanks for your prompt response today.
spam,Claim your $200 gift card! Act fast!
safe,Can you share the latest updates?
spam,Your device needs a security update. Click here!
safe,I’ll follow up with you next week.
spam,Get exclusive access to our premium plan! Join now!
safe,Please let me know if you need clarification.
spam,Your account is locked. Reset your password now!
safe,Can you confirm your availability for the call?
spam,Win a free vacation package! Enter now!
safe,Thanks for your cooperation on the issue.
spam,Your account is eligible for a cashback. Claim it!
safe,Can you provide feedback on the proposal?
spam,Get a free trial of our service! Sign up now!
safe,I’ll send the final report by Friday.
spam,Your payment is due. Pay now to avoid fees!
safe,Please review the agenda and let me know.
spam,Your account is at risk. Secure it now!
safe,Thanks for your help with the review.
spam,Win a free gift card! Complete our survey!
safe,Can you confirm the meeting time?
spam,Your account is eligible for a discount. Claim it!
safe,I’ll be out of office but reachable via email.
spam,Act now to save on your subscription! Limited time.
safe,Please confirm receipt of the document.
spam,Your account is suspended. Reactivate it now!
safe,Thanks for your feedback on the design.
spam,Get a free trial for our premium plan! Sign up today!
safe,Can you send the revised document?
spam,Your account is at risk. Verify your details now!
safe,Please let me know if you need clarification.
spam,Win a free tablet! Click here to claim!
safe,Thanks for your prompt response.
spam,Your account needs attention. Click to resolve!
safe,Can you confirm the meeting time?
spam,Get free access to our VIP membership! Join now!
safe,I’ll send you the details shortly.
spam,Your payment was rejected. Update it now!
safe,Please share the project updates with me.
spam,Win big with our sweepstakes! Enter now!
safe,Thanks for your input on the report.
spam,Your account is at risk. Secure it immediately!
safe,Can you review the contract by tomorrow?
spam,Get a free consultation today! Sign up now!
safe,I’ll follow up with the team this week.
spam,Your subscription is expiring. Renew now!
safe,Please let me know if the schedule is okay.
spam,Claim your free vacation today! Click here.
safe,Thanks for your support on the task.
spam,Your account has been flagged. Verify now!
safe,Can you confirm your attendance?
spam,Get 25% off your next purchase! Shop today!
safe,I’ll send the final version by tomorrow.
spam,Your device is at risk. Scan it now!
safe,Please share the budget details by next week.
spam,Win a free gift by completing our survey!
safe,Thanks for your cooperation on the project.
spam,Your account is eligible for a discount. Claim it!
safe,Can you provide an update on the task?
spam,Act now to save on your subscription! Limited time.
safe,I’ll be available for a call this evening.
spam,Your account is suspended. Reactivate it now!
safe,Please let me know if you need more details.
spam,Get a free trial of our service! Sign up today!
safe,Can you confirm receipt of the file?
spam,Your payment is overdue. Pay now to continue!
safe,I’ll follow up after reviewing the document.
spam,Win a free cruise! Enter our contest now!
safe,Please share the project timeline with me.
spam,Your account needs verification. Click here!
safe,Thanks for your help with the presentation.
spam,Get free shipping today! Shop now!
safe,Can you review the schedule by tomorrow?
spam,Your account is eligible for a free upgrade. Act now!
safe,Please let me know if you need assistance.
spam,Your subscription is about to lapse. Renew today!
safe,Thanks for your feedback on the design.
spam,Win a free smart TV! Click to claim!
safe,Can you send the revised slides?
spam,Your account is at risk. Verify your details now!
safe,I’ll send the updated plan by tomorrow.
spam,Get a free membership today! Limited offer.
safe,Please confirm the meeting agenda?
spam,Your payment is pending. Complete it now!
safe,Thanks for your prompt response today.
spam,Claim your $200 gift card! Act fast!
safe,Can you share the latest updates?
spam,Your device needs a security update. Click here!
safe,I’ll follow up with you next week.
spam,Get exclusive access to our premium plan! Join now!
safe,Please let me know if you need clarification.
spam,Your account is locked. Reset your password now!
safe,Can you confirm your availability for the call?
spam,Win a free vacation package! Enter now!
safe,Thanks for your cooperation on the issue.
spam,Your account is eligible for a cashback. Claim it!
safe,Can you provide feedback on the proposal?
spam,Get a free trial of our service! Sign up now!
safe,I’ll send the final report by Friday.
spam,Your payment is due. Pay now to avoid fees!
safe,Please review the agenda and let me know.
spam,Your account is at risk. Secure it now!
safe,Thanks for your help with the review.
spam,Win a free gift card! Complete our survey!
safe,Can you confirm the meeting time?
spam,Your account is eligible for a discount. Claim it!
safe,I’ll be out of office but reachable via email.
spam,Act now to save on your subscription! Limited time.
safe,Please confirm receipt of the document.
spam,Your account is suspended. Reactivate it now!
safe,Thanks for your feedback on the design.
spam,Get a free trial for our premium plan! Sign up today!
safe,Can you send the revised document?
spam,Your account is at risk. Verify your details now!
safe,Please let me know if you need clarification.
spam,Win a free tablet! Click here to claim!
safe,Thanks for your prompt response.
spam,Your account needs attention. Click to resolve!
safe,Can you confirm the meeting time?
spam,Get free access to our VIP membership! Join now!
safe,I’ll send you the details shortly.
spam,Your payment was rejected. Update it now!
safe,Please share the project updates with me.
spam,Win big with our sweepstakes! Enter now!
safe,Thanks for your input on the report.
spam,Your account is at risk. Secure it immediately!
safe,Can you review the contract by tomorrow?
spam,Get a free consultation today! Sign up now!
safe,I’ll follow up with the team this week.
spam,Your subscription is expiring. Renew now!
safe,Please let me know if the schedule is okay.
spam,Claim your free vacation today! Click here.
safe,Thanks for your support on the task.
spam,Your account has been flagged. Verify now!
safe,Can you confirm your attendance?
spam,Get 25% off your next purchase! Shop today!
safe,I’ll send the final version by tomorrow.
spam,Your device is at risk. Scan it now!
safe,Please share the budget details by next week.
spam,Win a free gift by completing our survey!
safe,Thanks for your cooperation on the project.
spam,Your account is eligible for a discount. Claim it!
safe,Can you provide an update on the task?
spam,Act now to save on your subscription! Limited time.
safe,I’ll be available for a call this evening.
spam,Your account is suspended. Reactivate it now!
safe,Please let me know if you need more details.
spam,Get a free trial of our service! Sign up today!
safe,Can you confirm receipt of the file?
spam,Your payment is overdue. Pay now to continue!
safe,I’ll follow up after reviewing the document.
spam,Win a free cruise! Enter our contest now!
safe,Please share the project timeline with me.
spam,Your account needs verification. Click here!
safe,Thanks for your help with the presentation.
spam,Get free shipping today! Shop now!
safe,Can you review the schedule by tomorrow?
spam,Your account is eligible for a free upgrade. Act now!
safe,Please let me know if you need assistance.
spam,Your subscription is about to lapse
spam,Get instant loan approval with no credit check.
spam,Limited time offer. Apply now and receive funds within 24 hours!
spam,We detected an unusual sign-in attempt on your account. Please verify your password within 24 hours to prevent suspension.
spam,Your Microsoft account has been temporarily limited due to suspicious activity. Sign in to confirm your identity.
spam,We were unable to process your recent subscription payment. Update your billing details to restore service.
spam,A suspicious transaction was blocked on your card. Call customer support immediately at the number provided to avoid permanent suspension.
spam,Please process the attached invoice today. This payment must be completed before end of business hours.
spam,Your package is on hold due to an address error. Scan the QR code to confirm delivery details.
spam,Please review the attached invoice for your recent transaction. Payment is required within 48 hours.
spam,"A password reset was requested for your account. If this was not you, secure your account immediately."
spam,You have been shortlisted for a remote position with weekly payments. Confirm your details to proceed.
spam,Your account access has been limited. Verify your banking information to restore full access.
